location_code,year,who_tb_deaths_rate_per_100k,who_tb_deaths_rate_per_100k_low,who_tb_deaths_rate_per_100k_high,who_tb_treatment_coverage_percent,who_tb_treatment_coverage_percent_low,who_tb_treatment_coverage_percent_high,who_tb_new_relapse_cases,who_tb_new_relapse_cases_low,who_tb_new_relapse_cases_high,who_tb_deaths_excluding_hiv_count,who_tb_deaths_excluding_hiv_count_low,who_tb_deaths_excluding_hiv_count_high,who_tb_incident_hiv_positive_count,who_tb_incident_hiv_positive_count_low,who_tb_incident_hiv_positive_count_high,who_tb_incident_hiv_positive_per_100k,who_tb_incident_hiv_positive_per_100k_low,who_tb_incident_hiv_positive_per_100k_high,who_tb_treatment_success_previously_treated_percent,who_tb_treatment_success_previously_treated_percent_low,who_tb_treatment_success_previously_treated_percent_high,who_tb_mdr_treatment_success_percent,who_tb_mdr_treatment_success_percent_low,who_tb_mdr_treatment_success_percent_high,who_tb_smear_positive_treatment_success_percent,who_tb_smear_positive_treatment_success_percent_low,who_tb_smear_positive_treatment_success_percent_high,who_tb_hiv_status_known_percent,who_tb_hiv_status_known_percent_low,who_tb_hiv_status_known_percent_high,who_tb_hiv_positive_percent,who_tb_hiv_positive_percent_low,who_tb_hiv_positive_percent_high,who_tb_notified_cases_count,who_tb_notified_cases_count_low,who_tb_notified_cases_count_high,who_tb_hiv_positive_on_art_percent,who_tb_hiv_positive_on_art_percent_low,who_tb_hiv_positive_on_art_percent_high,who_tb_smear_positive_case_detection_percent,who_tb_smear_positive_case_detection_percent_low,who_tb_smear_positive_case_detection_percent_high,who_tb_mdr_rr_incident_count,who_tb_mdr_rr_incident_count_low,who_tb_mdr_rr_incident_count_high,who_tb_mdr_treatment_started_count,who_tb_mdr_treatment_started_count_low,who_tb_mdr_treatment_started_count_high,who_tb_new_cases_rr_mdr_tested_percent,who_tb_new_cases_rr_mdr_tested_percent_low,who_tb_new_cases_rr_mdr_tested_percent_high,who_tb_previously_treated_rr_mdr_tested_percent,who_tb_previously_treated_rr_mdr_tested_percent_low,who_tb_previously_treated_rr_mdr_tested_percent_high,date,location,source
AUS,1996,,,,,,,,,,,,,,,,,,,,,,,,,55.0,,,,,,,,,,,,,,,,,,,,,,,,,,,,,,1996-12-31,Australia,WHO GHO tuberculosis auxiliary indicators
AUS,1997,,,,,,,,,,,,,,,,,,,71.0,,,,,,60.0,,,,,,,,,,,,,,,,,,,,,,,,,,,,,,1997-12-31,Australia,WHO GHO tuberculosis auxiliary indicators
AUS,1998,,,,,,,,,,,,,,,,,,,81.0,,,,,,72.0,,,,,,,,,,,,,,,,,,,,,,,,,,,,,,1998-12-31,Australia,WHO GHO tuberculosis auxiliary indicators
AUS,1999,,,,,,,,,,,,,,,,,,,83.0,,,,,,81.0,,,,,,,,,,,,,,,,,,,,,,,,,,,,,,1999-12-31,Australia,WHO GHO tuberculosis auxiliary indicators
AUS,2000,0.28,0.28,0.28,80.0,66.0,98.0,1043.0,,,53.0,53.0,53.0,120.0,44.0,220.0,0.56,0.22,1.1,82.0,,,,,,72.0,,,,,,,,,,,,,,,87.0,77.0,100.0,,,,,,,,,,,,,2000-12-31,Australia,WHO GHO tuberculosis auxiliary indicators
AUS,2001,0.44,0.43,0.44,80.0,67.0,99.0,980.0,,,84.0,84.0,85.0,100.0,38.0,190.0,0.48,0.18,0.92,50.0,,,,,,70.0,,,,,,,,,,,,,,,,,,,,,,,,,,,,,,2001-12-31,Australia,WHO GHO tuberculosis auxiliary indicators
AUS,2002,0.33,0.33,0.34,81.0,67.0,99.0,1013.0,,,66.0,65.0,66.0,94.0,35.0,180.0,0.45,0.17,0.86,71.0,,,40.0,,,78.0,,,,,,,,,,,,,,,,,,,,,,,,,,,,,,2002-12-31,Australia,WHO GHO tuberculosis auxiliary indicators
AUS,2003,0.26,0.26,0.26,81.0,67.0,99.0,949.0,,,52.0,52.0,52.0,78.0,29.0,150.0,0.37,0.14,0.71,86.0,,,67.0,,,80.0,,,20.0,,,6.3,,,949.0,,,100.0,,,,,,,,,,,,,,,,,,2003-12-31,Australia,WHO GHO tuberculosis auxiliary indicators
AUS,2004,0.31,0.31,0.31,81.0,67.0,100.0,1071.0,,,62.0,62.0,63.0,77.0,28.0,150.0,0.36,0.14,0.7,,,,50.0,,,,,,20.0,,,11.0,,,1082.0,,,,,,,,,,,,,,,,,,,,,2004-12-31,Australia,WHO GHO tuberculosis auxiliary indicators
AUS,2005,0.3,0.3,0.3,81.0,68.0,100.0,1046.0,,,61.0,61.0,62.0,63.0,23.0,120.0,0.29,0.11,0.56,72.0,,,,,,80.0,,,42.0,,,4.9,,,1073.0,,,,,,,,,,,,,,,,,,,,,2005-12-31,Australia,WHO GHO tuberculosis auxiliary indicators
AUS,2006,0.29,0.28,0.29,82.0,68.0,100.0,1163.0,,,59.0,59.0,60.0,58.0,21.0,110.0,0.26,0.1,0.51,88.0,,,74.0,,,85.0,,,35.0,,,3.5,,,1203.0,,,6.7,,,,,,,,,,,,,,,,,,2006-12-31,Australia,WHO GHO tuberculosis auxiliary indicators
AUS,2007,0.25,0.24,0.25,82.0,68.0,100.0,1120.0,,,51.0,51.0,52.0,46.0,17.0,91.0,0.21,0.08,0.41,76.0,,,,,,85.0,,,51.0,,,3.5,,,1133.0,,,50.0,,,,,,,,,,,,,,,,,,2007-12-31,Australia,WHO GHO tuberculosis auxiliary indicators
AUS,2008,0.3,0.3,0.3,82.0,68.0,100.0,1215.0,,,63.0,63.0,64.0,47.0,17.0,93.0,0.21,0.08,0.41,66.0,,,73.0,,,80.0,,,36.0,,,3.9,,,1227.0,,,59.0,,,87.0,77.0,100.0,,,,19.0,,,,,,,,,2008-12-31,Australia,WHO GHO tuberculosis auxiliary indicators
AUS,2009,0.26,0.26,0.26,83.0,69.0,100.0,1294.0,,,56.0,56.0,57.0,49.0,18.0,97.0,0.21,0.08,0.42,66.0,,,71.0,,,80.0,,,49.0,,,3.5,,,1314.0,,,,,,,,,,,,26.0,,,,,,,,,2009-12-31,Australia,WHO GHO tuberculosis auxiliary indicators
AUS,2010,0.25,0.25,0.25,83.0,69.0,100.0,1257.0,,,55.0,54.0,55.0,47.0,17.0,93.0,0.2,0.07,0.4,69.0,,,56.0,,,80.0,,,54.0,,,3.5,,,1281.0,,,,,,,,,,,,36.0,,,100.0,,,74.0,,,2010-12-31,Australia,WHO GHO tuberculosis auxiliary indicators
AUS,2011,0.25,0.25,0.25,84.0,70.0,100.0,1239.0,,,55.0,55.0,55.0,44.0,16.0,87.0,0.19,0.07,0.37,66.0,,,42.0,,,77.0,,,59.0,,,2.5,,,1268.0,,,,,,,,,,,,26.0,,,99.0,,,55.0,,,2011-12-31,Australia,WHO GHO tuberculosis auxiliary indicators
AUS,2012,0.15,0.15,0.15,85.0,70.0,100.0,1305.0,,,35.0,35.0,35.0,18.0,9.0,30.0,0.08,0.04,0.12,57.0,,,75.0,,,,,,77.0,,,1.2,,,1325.0,,,,,,,,,,,,16.0,,,100.0,,,70.0,,,2012-12-31,Australia,WHO GHO tuberculosis auxiliary indicators
AUS,2013,0.22,0.22,0.22,86.0,71.0,110.0,1250.0,,,51.0,51.0,52.0,38.0,24.0,54.0,0.16,0.1,0.23,83.0,,,86.0,,,,,,80.0,,,2.6,,,1256.0,,,,,,,,,,,,22.0,,,100.0,,,72.0,,,2013-12-31,Australia,WHO GHO tuberculosis auxiliary indicators
AUS,2014,0.2,0.2,0.2,87.0,72.0,110.0,1330.0,,,46.0,46.0,47.0,24.0,14.0,38.0,0.1,0.06,0.16,0.0,,,61.0,,,,,,80.0,,,1.6,,,1343.0,,,,,,,,,,,,23.0,,,100.0,,,79.0,,,2014-12-31,Australia,WHO GHO tuberculosis auxiliary indicators
AUS,2015,0.21,0.21,0.22,87.0,72.0,110.0,1254.0,,,51.0,51.0,52.0,31.0,19.0,46.0,0.13,0.08,0.19,,,,75.0,,,,,,79.0,,,2.1,,,,,,,,,,,,43.0,33.0,54.0,32.0,,,100.0,,,63.0,,,2015-12-31,Australia,WHO GHO tuberculosis auxiliary indicators
AUS,2016,0.2,0.2,0.2,87.0,73.0,110.0,1376.0,,,49.0,49.0,50.0,29.0,17.0,43.0,0.12,0.07,0.18,,,,81.0,,,,,,83.0,,,1.8,,,,,,,,,,,,47.0,36.0,58.0,29.0,,,100.0,,,71.0,,,2016-12-31,Australia,WHO GHO tuberculosis auxiliary indicators
AUS,2017,0.2,0.2,0.2,88.0,73.0,110.0,1434.0,,,50.0,49.0,50.0,34.0,21.0,49.0,0.14,0.09,0.2,,,,83.0,,,,,,88.0,,,2.1,,,,,,,,,,,,48.0,37.0,60.0,23.0,,,100.0,,,57.0,,,2017-12-31,Australia,WHO GHO tuberculosis auxiliary indicators
AUS,2018,0.22,0.22,0.22,87.0,73.0,110.0,1438.0,,,56.0,55.0,56.0,30.0,18.0,45.0,0.12,0.07,0.18,82.0,,,89.0,,,,,,88.0,,,1.8,,,,,,,,,,,,48.0,37.0,60.0,32.0,,,93.0,,,95.0,,,2018-12-31,Australia,WHO GHO tuberculosis auxiliary indicators
AUS,2019,0.18,0.18,0.18,87.0,72.0,110.0,1502.0,,,46.0,45.0,46.0,25.0,14.0,38.0,0.1,0.06,0.15,,,,86.0,,,,,,83.0,,,1.4,,,,,,,,,,,,50.0,38.0,62.0,29.0,,,92.0,,,84.0,,,2019-12-31,Australia,WHO GHO tuberculosis auxiliary indicators
AUS,2020,0.13,0.13,0.13,87.0,72.0,110.0,1611.0,,,34.0,33.0,34.0,24.0,14.0,38.0,0.1,0.06,0.15,100.0,,,88.0,,,,,,90.0,,,1.3,,,,,,,,,,,,53.0,40.0,67.0,189.0,,,94.0,,,74.0,,,2020-12-31,Australia,WHO GHO tuberculosis auxiliary indicators
AUS,2021,0.19,0.19,0.19,87.0,72.0,110.0,1468.0,,,49.0,49.0,50.0,19.0,10.0,31.0,0.07,0.04,0.12,0.0,,,55.0,,,,,,89.0,,,1.1,,,,,,,,,,,,48.0,36.0,61.0,21.0,,,83.0,,,71.0,,,2021-12-31,Australia,WHO GHO tuberculosis auxiliary indicators
AUS,2022,0.13,0.13,0.13,87.0,72.0,110.0,1272.0,,,34.0,34.0,34.0,17.0,9.0,28.0,0.07,0.03,0.11,0.0,,,84.0,,,,,,87.0,,,1.2,,,,,,,,,,,,42.0,30.0,53.0,20.0,,,87.0,,,76.0,,,2022-12-31,Australia,WHO GHO tuberculosis auxiliary indicators
AUS,2023,0.13,0.13,0.14,87.0,72.0,110.0,1434.0,,,36.0,35.0,36.0,30.0,18.0,45.0,0.11,0.07,0.17,44.0,,,,,,,,,88.0,,,1.8,,,,,,,,,,,,46.0,33.0,60.0,21.0,,,81.0,,,69.0,,,2023-12-31,Australia,WHO GHO tuberculosis auxiliary indicators
AUS,2024,0.13,0.13,0.14,87.0,72.0,110.0,1613.0,,,36.0,36.0,36.0,22.0,12.0,35.0,,,,,,,,,,,,,79.0,,,1.2,,,,,,,,,,,,52.0,36.0,68.0,25.0,,,86.0,,,76.0,,,2024-12-31,Australia,WHO GHO tuberculosis auxiliary indicators
BRA,1994,,,,,,,,,,,,,,,,,,,,,,,,,70.0,,,,,,,,,,,,,,,,,,,,,,,,,,,,,,1994-12-31,Brazil,WHO GHO tuberculosis auxiliary indicators
BRA,1995,,,,,,,,,,,,,,,,,,,,,,,,,17.0,,,,,,,,,,,,,,,,,,,,,,,,,,,,,,1995-12-31,Brazil,WHO GHO tuberculosis auxiliary indicators
BRA,1996,,,,,,,,,,,,,,,,,,,,,,,,,20.0,,,,,,,,,,,,,,,,,,,,,,,,,,,,,,1996-12-31,Brazil,WHO GHO tuberculosis auxiliary indicators
BRA,1997,,,,,,,,,,,,,,,,,,,,,,,,,27.0,,,,,,,,,,,,,,,,,,,,,,,,,,,,,,1997-12-31,Brazil,WHO GHO tuberculosis auxiliary indicators
BRA,1998,,,,,,,,,,,,,,,,,,,,,,,,,40.0,,,,,,,,,,,,,,,,,,,,,,,,,,,,,,1998-12-31,Brazil,WHO GHO tuberculosis auxiliary indicators
BRA,1999,,,,,,,,,,,,,,,,,,,16.0,,,,,,78.0,,,,,,,,,,,,,,,,,,,,,,,,,,,,,,1999-12-31,Brazil,WHO GHO tuberculosis auxiliary indicators
BRA,2000,4.2,3.7,4.7,92.0,76.0,110.0,77899.0,,,7300.0,6500.0,8200.0,7300.0,2300.0,15000.0,4.4,1.4,9.2,40.0,,,,,,71.0,,,,,,,,,,,,,,,70.0,58.0,87.0,,,,,,,,,,,,,2000-12-31,Brazil,WHO GHO tuberculosis auxiliary indicators
BRA,2001,4.0,3.6,4.5,92.0,76.0,110.0,74466.0,,,7100.0,6400.0,7900.0,6100.0,1900.0,13000.0,3.7,1.2,7.6,23.0,,,,,,55.0,,,,,,,,,,,,,,,,,,,,,,,,,,,,,,2001-12-31,Brazil,WHO GHO tuberculosis auxiliary indicators
BRA,2002,3.7,3.4,4.1,92.0,76.0,110.0,81436.0,,,6600.0,6000.0,7300.0,6100.0,1900.0,13000.0,3.6,1.1,7.5,60.0,,,57.0,,,80.0,,,,,,,,,,,,,,,,,,,,,,,,,,,,,,2002-12-31,Brazil,WHO GHO tuberculosis auxiliary indicators
BRA,2003,3.6,3.3,3.9,92.0,76.0,110.0,84060.0,,,6400.0,5900.0,7000.0,6100.0,1900.0,13000.0,3.5,1.1,7.4,64.0,,,60.0,,,77.0,,,51.0,,,18.0,,,88618.0,,,100.0,,,,,,,,,,,,,,,,,,2003-12-31,Brazil,WHO GHO tuberculosis auxiliary indicators
BRA,2004,3.5,3.2,3.8,92.0,76.0,110.0,86881.0,,,6400.0,5900.0,6900.0,6300.0,1900.0,13000.0,3.6,1.1,7.6,49.0,,,58.0,,,76.0,,,41.0,,,15.0,,,91855.0,,,85.0,,,,,,,,,,,,,,,,,,2004-12-31,Brazil,WHO GHO tuberculosis auxiliary indicators
BRA,2005,3.2,3.0,3.4,92.0,76.0,110.0,80675.0,,,5900.0,5600.0,6400.0,6300.0,1900.0,13000.0,3.6,1.1,7.4,48.0,,,,,,76.0,,,59.0,,,16.0,,,87223.0,,,85.0,,,,,,,,,,,,,,,61.0,,,2005-12-31,Brazil,WHO GHO tuberculosis auxiliary indicators
BRA,2006,3.1,3.0,3.3,92.0,76.0,110.0,75647.0,,,5800.0,5500.0,6200.0,6500.0,2000.0,13000.0,3.6,1.1,7.5,47.0,,,59.0,,,73.0,,,42.0,,,21.0,,,83293.0,,,100.0,,,,,,,,,,,,,,,,,,2006-12-31,Brazil,WHO GHO tuberculosis auxiliary indicators
BRA,2007,3.0,2.8,3.1,92.0,76.0,110.0,75424.0,,,5600.0,5400.0,5900.0,7000.0,2200.0,15000.0,3.9,1.2,8.0,51.0,,,44.0,,,72.0,,,48.0,,,20.0,,,80461.0,,,96.0,,,,,,,,,,,,0.8,,,6.5,,,2007-12-31,Brazil,WHO GHO tuberculosis auxiliary indicators
BRA,2008,3.0,2.9,3.1,92.0,76.0,110.0,77281.0,,,5700.0,5500.0,6000.0,7400.0,2300.0,15000.0,4.1,1.3,8.4,50.0,,,50.0,,,71.0,,,52.0,,,19.0,,,81658.0,,,90.0,,,75.0,63.0,91.0,,,,339.0,,,,,,,,,2008-12-31,Brazil,WHO GHO tuberculosis auxiliary indicators
BRA,2009,2.9,2.8,3.1,92.0,76.0,110.0,76348.0,,,5600.0,5400.0,5900.0,7500.0,2400.0,16000.0,4.1,1.3,8.5,42.0,,,49.0,,,72.0,,,56.0,,,18.0,,,85159.0,,,91.0,,,,,,,,,398.0,,,,,,,,,2009-12-31,Brazil,WHO GHO tuberculosis auxiliary indicators
BRA,2010,2.8,2.7,2.9,92.0,76.0,110.0,75196.0,,,5400.0,5200.0,5700.0,14000.0,10000.0,18000.0,7.6,6.6,8.8,46.0,,,64.0,,,74.0,,,62.0,,,17.0,,,81946.0,,,96.0,,,,,,,,,573.0,,,0.1,,,5.8,,,2010-12-31,Brazil,WHO GHO tuberculosis auxiliary indicators
BRA,2011,2.7,2.6,2.8,92.0,76.0,110.0,76246.0,,,5300.0,5100.0,5500.0,14000.0,10000.0,18000.0,7.4,6.4,8.5,49.0,,,56.0,,,76.0,,,66.0,,,17.0,,,84137.0,,,98.0,,,,,,,,,614.0,,,0.1,,,5.2,,,2011-12-31,Brazil,WHO GHO tuberculosis auxiliary indicators
BRA,2012,2.6,2.5,2.7,92.0,76.0,110.0,76492.0,,,5100.0,4900.0,5300.0,14000.0,10000.0,18000.0,7.3,6.3,8.4,36.0,,,51.0,,,,,,67.0,,,17.0,,,82755.0,,,97.0,,,,,,,,,660.0,,,1.6,,,1.7,,,2012-12-31,Brazil,WHO GHO tuberculosis auxiliary indicators
BRA,2013,2.7,2.6,2.7,92.0,76.0,110.0,77401.0,,,5300.0,5100.0,5500.0,13000.0,9800.0,17000.0,6.9,5.9,8.0,38.0,,,52.0,,,,,,72.0,,,16.0,,,83310.0,,,,,,,,,,,,574.0,,,1.6,,,1.7,,,2013-12-31,Brazil,WHO GHO tuberculosis auxiliary indicators
BRA,2014,2.5,2.5,2.6,92.0,76.0,110.0,75963.0,,,5100.0,4900.0,5200.0,13000.0,9500.0,17000.0,6.7,5.7,7.7,39.0,,,52.0,,,,,,76.0,,,15.0,,,81512.0,,,,,,,,,,,,599.0,,,,,,,,,2014-12-31,Brazil,WHO GHO tuberculosis auxiliary indicators
BRA,2015,2.6,2.5,2.7,92.0,76.0,110.0,76301.0,,,5200.0,5100.0,5400.0,11000.0,8100.0,14000.0,5.6,4.8,6.4,38.0,,,60.0,,,,,,79.0,,,13.0,,,,,,35.0,,,,,,2300.0,1100.0,3500.0,819.0,,,40.0,,,35.0,,,2015-12-31,Brazil,WHO GHO tuberculosis auxiliary indicators
BRA,2016,2.5,2.4,2.6,92.0,76.0,110.0,77076.0,,,5100.0,4900.0,5200.0,10000.0,7700.0,14000.0,5.3,4.6,6.1,39.0,,,61.0,,,,,,80.0,,,12.0,,,,,,46.0,,,,,,2300.0,990.0,3700.0,585.0,,,40.0,,,35.0,,,2016-12-31,Brazil,WHO GHO tuberculosis auxiliary indicators
BRA,2017,2.5,2.5,2.6,92.0,76.0,110.0,81159.0,,,5200.0,5000.0,5300.0,11000.0,7900.0,14000.0,5.3,4.6,6.2,39.0,,,57.0,,,,,,82.0,,,12.0,,,,,,55.0,,,,,,2400.0,890.0,4000.0,770.0,,,47.0,,,40.0,,,2017-12-31,Brazil,WHO GHO tuberculosis auxiliary indicators
BRA,2018,2.5,2.4,2.5,92.0,76.0,110.0,85108.0,,,5100.0,4900.0,5200.0,10000.0,7700.0,14000.0,5.1,4.4,6.0,38.0,,,60.0,,,,,,83.0,,,11.0,,,,,,55.0,,,,,,2600.0,780.0,4400.0,997.0,,,46.0,,,56.0,,,2018-12-31,Brazil,WHO GHO tuberculosis auxiliary indicators
BRA,2019,2.5,2.4,2.5,92.0,76.0,110.0,86258.0,,,5100.0,5000.0,5300.0,10000.0,7600.0,13000.0,5.0,4.2,5.7,38.0,,,55.0,,,,,,83.0,,,11.0,,,,,,53.0,,,,,,2600.0,640.0,4600.0,951.0,,,53.0,,,62.0,,,2019-12-31,Brazil,WHO GHO tuberculosis auxiliary indicators
BRA,2020,2.5,2.4,2.5,82.0,69.0,100.0,76582.0,,,5100.0,5000.0,5300.0,10000.0,7500.0,13000.0,4.9,4.2,5.7,35.0,,,50.0,,,,,,83.0,,,11.0,,,,,,54.0,,,,,,2600.0,470.0,4700.0,642.0,,,57.0,,,66.0,,,2020-12-31,Brazil,WHO GHO tuberculosis auxiliary indicators
BRA,2021,2.7,2.6,2.8,82.0,67.0,100.0,79904.0,,,5600.0,5500.0,5800.0,12000.0,8400.0,15000.0,6.6,5.5,7.8,34.0,,,56.0,,,,,,84.0,,,11.0,,,,,,54.0,,,,,,2700.0,320.0,5200.0,637.0,,,59.0,,,68.0,,,2021-12-31,Brazil,WHO GHO tuberculosis auxiliary indicators
BRA,2022,3.9,3.4,4.4,86.0,70.0,110.0,88661.0,,,8100.0,7100.0,9200.0,13000.0,9000.0,16000.0,8.7,7.0,11.0,35.0,,,60.0,,,,,,86.0,,,10.0,,,,,,55.0,,,,,,2900.0,140.0,5700.0,830.0,,,62.0,,,69.0,,,2022-12-31,Brazil,WHO GHO tuberculosis auxiliary indicators
BRA,2023,3.3,2.8,3.9,89.0,72.0,110.0,92226.0,,,7100.0,6000.0,8200.0,13000.0,9100.0,16000.0,9.4,7.5,12.0,35.0,,,,,,,,,87.0,,,11.0,,,,,,58.0,,,,,,3000.0,0.0,6000.0,862.0,,,65.0,,,72.0,,,2023-12-31,Brazil,WHO GHO tuberculosis auxiliary indicators
BRA,2024,3.3,2.8,3.9,89.0,72.0,110.0,92863.0,,,7100.0,6000.0,8200.0,13000.0,9200.0,17000.0,,,,,,,,,,,,,86.0,,,14.0,,,,,,59.0,,,,,,3000.0,0.0,6300.0,843.0,,,67.0,,,72.0,,,2024-12-31,Brazil,WHO GHO tuberculosis auxiliary indicators
CHN,1994,,,,,,,,,,,,,,,,,,,,,,,,,91.0,,,,,,,,,,,,,,,,,,,,,,,,,,,,,,1994-12-31,China,WHO GHO tuberculosis auxiliary indicators
CHN,1995,,,,,,,,,,,,,,,,,,,92.0,,,,,,93.0,,,,,,,,,,,,,,,,,,,,,,,,,,,,,,1995-12-31,China,WHO GHO tuberculosis auxiliary indicators
CHN,1996,,,,,,,,,,,,,,,,,,,94.0,,,,,,94.0,,,,,,,,,,,,,,,,,,,,,,,,,,,,,,1996-12-31,China,WHO GHO tuberculosis auxiliary indicators
CHN,1997,,,,,,,,,,,,,,,,,,,,,,,,,95.0,,,,,,,,,,,,,,,,,,,,,,,,,,,,,,1997-12-31,China,WHO GHO tuberculosis auxiliary indicators
CHN,1998,,,,,,,,,,,,,,,,,,,95.0,,,,,,95.0,,,,,,,,,,,,,,,,,,,,,,,,,,,,,,1998-12-31,China,WHO GHO tuberculosis auxiliary indicators
CHN,1999,,,,,,,,,,,,,,,,,,,95.0,,,,,,95.0,,,,,,,,,,,,,,,,,,,,,,,,,,,,,,1999-12-31,China,WHO GHO tuberculosis auxiliary indicators
CHN,2000,8.7,6.7,11.0,33.0,28.0,41.0,454372.0,,,111000.0,85000.0,140000.0,27000.0,8100.0,56000.0,2.1,0.51,4.8,89.0,,,,,,93.0,,,,,,,,,,,,,,,31.0,26.0,39.0,,,,,,,,,,,,,2000-12-31,China,WHO GHO tuberculosis auxiliary indicators
CHN,2001,8.0,6.4,9.7,35.0,29.0,44.0,470221.0,,,102000.0,82000.0,125000.0,23000.0,6900.0,48000.0,1.8,0.45,4.0,92.0,,,,,,95.0,,,,,,,,,,,,,,,,,,,,,,,,,,,,,,2001-12-31,China,WHO GHO tuberculosis auxiliary indicators
CHN,2002,7.3,6.2,8.5,36.0,30.0,44.0,462609.0,,,94000.0,80000.0,110000.0,20000.0,6100.0,43000.0,1.6,0.41,3.5,88.0,,,,,,92.0,,,,,,,,,,,,,,,,,,,,,,,,,,,,,,2002-12-31,China,WHO GHO tuberculosis auxiliary indicators
CHN,2003,6.7,6.1,7.4,49.0,41.0,60.0,615868.0,,,87000.0,79000.0,96000.0,19000.0,5700.0,40000.0,1.5,0.39,3.2,89.0,,,,,,93.0,,,,,,,,,683577.0,,,,,,,,,,,,,,,,,,,,,2003-12-31,China,WHO GHO tuberculosis auxiliary indicators
CHN,2004,5.4,4.8,6.0,65.0,54.0,80.0,798433.0,,,70000.0,62000.0,79000.0,18000.0,5600.0,39000.0,1.4,0.39,3.1,89.0,,,,,,94.0,,,,,,,,,884892.0,,,,,,,,,,,,,,,,,,,,,2004-12-31,China,WHO GHO tuberculosis auxiliary indicators
CHN,2005,5.5,4.9,6.1,76.0,63.0,93.0,899729.0,,,72000.0,64000.0,80000.0,19000.0,5900.0,40000.0,1.5,0.42,3.2,90.0,,,,,,94.0,,,,,,,,,990509.0,,,,,,,,,,,,,,,,,,,,,2005-12-31,China,WHO GHO tuberculosis auxiliary indicators
CHN,2006,5.1,4.6,5.6,82.0,68.0,100.0,945175.0,,,67000.0,60000.0,74000.0,20000.0,6200.0,43000.0,1.5,0.45,3.3,89.0,,,,,,94.0,,,0.14,,,7.5,,,1015674.0,,,56.0,,,,,,,,,,,,0.0,,,0.1,,,2006-12-31,China,WHO GHO tuberculosis auxiliary indicators
CHN,2007,4.6,4.1,5.1,87.0,72.0,110.0,979502.0,,,61000.0,55000.0,68000.0,21000.0,6500.0,44000.0,1.6,0.48,3.4,89.0,,,,,,94.0,,,6.4,,,2.3,,,1045939.0,,,34.0,,,,,,,,,,,,0.1,,,0.21,,,2007-12-31,China,WHO GHO tuberculosis auxiliary indicators
CHN,2008,4.2,3.7,4.6,89.0,74.0,110.0,975821.0,,,55000.0,50000.0,61000.0,21000.0,6500.0,44000.0,1.6,0.48,3.3,90.0,,,46.0,,,94.0,,,7.9,,,3.5,,,1034199.0,,,20.0,,,72.0,60.0,90.0,,,,,,,,,,,,,2008-12-31,China,WHO GHO tuberculosis auxiliary indicators
CHN,2009,4.1,3.6,4.5,89.0,74.0,110.0,965257.0,,,54000.0,49000.0,60000.0,21000.0,6500.0,44000.0,1.6,0.48,3.3,90.0,,,46.0,,,95.0,,,6.4,,,4.0,,,982303.0,,,43.0,,,,,,,,,458.0,,,,,,,,,2009-12-31,China,WHO GHO tuberculosis auxiliary indicators
CHN,2010,3.9,3.5,4.3,89.0,74.0,110.0,908399.0,,,52000.0,47000.0,58000.0,20000.0,6100.0,41000.0,1.4,0.45,3.0,90.0,,,42.0,,,96.0,,,16.0,,,3.1,,,923308.0,,,45.0,,,,,,,,,1222.0,,,,,,,,,2010-12-31,China,WHO GHO tuberculosis auxiliary indicators
CHN,2011,3.4,3.2,3.6,89.0,74.0,110.0,899669.0,,,46000.0,43000.0,49000.0,20000.0,6200.0,41000.0,1.5,0.45,3.0,90.0,,,50.0,,,95.0,,,23.0,,,2.3,,,911884.0,,,36.0,,,,,,,,,1155.0,,,2.6,,,,,,2011-12-31,China,WHO GHO tuberculosis auxiliary indicators
CHN,2012,3.0,2.8,3.3,88.0,73.0,110.0,890645.0,,,42000.0,38000.0,45000.0,20000.0,6200.0,41000.0,1.4,0.45,3.0,90.0,,,42.0,,,,,,34.0,,,1.9,,,900678.0,,,59.0,,,,,,,,,1906.0,,,4.3,,,13.0,,,2012-12-31,China,WHO GHO tuberculosis auxiliary indicators
CHN,2013,3.0,2.8,3.4,88.0,73.0,110.0,847176.0,,,42000.0,38000.0,46000.0,18000.0,5800.0,38000.0,1.3,0.42,2.8,90.0,,,55.0,,,,,,39.0,,,1.4,,,855241.0,,,67.0,,,,,,,,,2184.0,,,11.0,,,32.0,,,2013-12-31,China,WHO GHO tuberculosis auxiliary indicators
CHN,2014,2.8,2.5,3.1,88.0,73.0,110.0,819283.0,,,39000.0,35000.0,43000.0,17000.0,5400.0,35000.0,1.2,0.39,2.5,88.0,,,41.0,,,,,,42.0,,,1.5,,,826155.0,,,69.0,,,,,,,,,2846.0,,,19.0,,,54.0,,,2014-12-31,China,WHO GHO tuberculosis auxiliary indicators
CHN,2015,2.8,2.5,3.1,88.0,73.0,110.0,798439.0,,,39000.0,35000.0,43000.0,16000.0,5000.0,33000.0,1.1,0.36,2.3,83.0,,,41.0,,,,,,47.0,,,2.7,,,,,,37.0,,,,,,57000.0,45000.0,70000.0,5691.0,,,29.0,,,64.0,,,2015-12-31,China,WHO GHO tuberculosis auxiliary indicators
CHN,2016,2.8,2.5,3.1,88.0,73.0,110.0,778493.0,,,39000.0,35000.0,43000.0,15000.0,4800.0,31000.0,1.1,0.34,2.2,81.0,,,52.0,,,,,,43.0,,,1.4,,,,,,88.0,,,,,,53000.0,42000.0,65000.0,5405.0,,,46.0,,,76.0,,,2016-12-31,China,WHO GHO tuberculosis auxiliary indicators
CHN,2017,2.6,2.4,2.9,88.0,73.0,110.0,773150.0,,,37000.0,33000.0,41000.0,15000.0,4600.0,30000.0,1.0,0.33,2.1,83.0,,,54.0,,,,,,55.0,,,1.3,,,,,,,,,,,,50000.0,39000.0,62000.0,5943.0,,,42.0,,,69.0,,,2017-12-31,China,WHO GHO tuberculosis auxiliary indicators
CHN,2018,2.4,2.2,2.6,92.0,77.0,110.0,795245.0,,,34000.0,31000.0,37000.0,14000.0,4300.0,29000.0,0.98,0.32,2.0,81.0,,,54.0,,,,,,60.0,,,1.7,,,,,,87.0,,,,,,47000.0,37000.0,57000.0,8965.0,,,58.0,,,100.0,,,2018-12-31,China,WHO GHO tuberculosis auxiliary indicators
CHN,2019,2.2,2.0,2.4,88.0,73.0,110.0,728265.0,,,31000.0,28000.0,34000.0,13000.0,4200.0,28000.0,0.95,0.81,1.1,87.0,,,53.0,,,,,,65.0,,,1.6,,,,,,79.0,,,,,,43000.0,34000.0,52000.0,13525.0,,,80.0,,,88.0,,,2019-12-31,China,WHO GHO tuberculosis auxiliary indicators
CHN,2020,2.1,1.9,2.3,75.0,62.0,92.0,624715.0,,,30000.0,27000.0,33000.0,12000.0,3100.0,27000.0,0.84,0.71,0.98,89.0,,,51.0,,,,,,68.0,,,1.4,,,,,,87.0,,,,,,41000.0,32000.0,50000.0,13250.0,,,83.0,,,97.0,,,2020-12-31,China,WHO GHO tuberculosis auxiliary indicators
CHN,2021,2.0,1.8,2.2,75.0,62.0,92.0,585340.0,,,28000.0,25000.0,31000.0,10000.0,2300.0,24000.0,0.73,0.62,0.85,89.0,,,66.0,,,,,,70.0,,,1.3,,,,,,87.0,,,,,,37000.0,29000.0,45000.0,12846.0,,,80.0,,,92.0,,,2021-12-31,China,WHO GHO tuberculosis auxiliary indicators
CHN,2022,1.9,1.7,2.1,67.0,56.0,82.0,501261.0,,,27000.0,24000.0,29000.0,13000.0,4700.0,26000.0,0.93,0.79,1.1,89.0,,,68.0,,,,,,68.0,,,1.8,,,,,,66.0,,,,,,33000.0,26000.0,41000.0,10256.0,,,86.0,,,89.0,,,2022-12-31,China,WHO GHO tuberculosis auxiliary indicators
CHN,2023,1.8,1.6,2.0,76.0,63.0,94.0,564918.0,,,25000.0,23000.0,28000.0,9500.0,2000.0,23000.0,0.67,0.56,0.78,91.0,,,,,,,,,68.0,,,1.3,,,,,,,,,,,,31000.0,24000.0,38000.0,13140.0,,,89.0,,,91.0,,,2023-12-31,China,WHO GHO tuberculosis auxiliary indicators
CHN,2024,1.7,1.6,1.9,76.0,63.0,94.0,531097.0,,,25000.0,22000.0,27000.0,13000.0,9300.0,16000.0,,,,,,,,,,,,,71.0,,,1.8,,,,,,85.0,,,,,,28000.0,22000.0,34000.0,13984.0,,,91.0,,,92.0,,,2024-12-31,China,WHO GHO tuberculosis auxiliary indicators
DEU,1997,,,,,,,,,,,,,,,,,,,57.0,,,,,,54.0,,,,,,,,,,,,,,,,,,,,,,,,,,,,,,1997-12-31,Germany,WHO GHO tuberculosis auxiliary indicators
DEU,1998,,,,,,,,,,,,,,,,,,,50.0,,,,,,54.0,,,,,,,,,,,,,,,,,,,,,,,,,,,,,,1998-12-31,Germany,WHO GHO tuberculosis auxiliary indicators
DEU,1999,,,,,,,,,,,,,,,,,,,50.0,,,,,,58.0,,,,,,,,,,,,,,,,,,,,,,,,,,,,,,1999-12-31,Germany,WHO GHO tuberculosis auxiliary indicators
DEU,2000,0.75,0.74,0.76,91.0,82.0,100.0,9064.0,,,620.0,610.0,620.0,770.0,440.0,1200.0,0.99,0.55,1.6,71.0,,,,,,77.0,,,,,,,,,,,,,,,,,,,,,,,,,,,,,,2000-12-31,Germany,WHO GHO tuberculosis auxiliary indicators
DEU,2001,0.66,0.65,0.67,91.0,82.0,100.0,6959.0,,,540.0,530.0,550.0,550.0,310.0,860.0,0.71,0.39,1.1,57.0,,,,,,67.0,,,,,,,,,,,,,,,,,,,,,,,,,,,,,,2001-12-31,Germany,WHO GHO tuberculosis auxiliary indicators
DEU,2002,0.62,0.61,0.63,91.0,82.0,100.0,6931.0,,,510.0,500.0,520.0,500.0,280.0,790.0,0.65,0.36,1.0,68.0,,,62.0,,,69.0,,,,,,,,,,,,,,,,,,,,,,,,,,,,,,2002-12-31,Germany,WHO GHO tuberculosis auxiliary indicators
DEU,2003,0.63,0.62,0.63,91.0,82.0,100.0,7025.0,,,510.0,510.0,520.0,460.0,260.0,720.0,0.59,0.33,0.94,52.0,,,63.0,,,71.0,,,,,,,,,7184.0,,,,,,,,,,,,,,,,,,,,,2003-12-31,Germany,WHO GHO tuberculosis auxiliary indicators
DEU,2004,0.54,0.53,0.55,91.0,82.0,100.0,6193.0,,,440.0,440.0,450.0,360.0,200.0,570.0,0.46,0.25,0.74,66.0,,,,,,68.0,,,,,,,,,6583.0,,,,,,,,,,,,,,,,,,,,,2004-12-31,Germany,WHO GHO tuberculosis auxiliary indicators
DEU,2005,0.55,0.54,0.56,91.0,82.0,100.0,5700.0,,,450.0,450.0,460.0,290.0,160.0,450.0,0.37,0.2,0.58,66.0,,,,,,71.0,,,,,,,,,6045.0,,,,,,,,,,,,,,,98.0,,,51.0,,,2005-12-31,Germany,WHO GHO tuberculosis auxiliary indicators
DEU,2006,0.53,0.52,0.54,91.0,82.0,100.0,5143.0,,,430.0,430.0,440.0,220.0,120.0,340.0,0.28,0.15,0.45,40.0,,,54.0,,,40.0,,,,,,,,,5402.0,,,,,,,,,,,,,,,100.0,,,59.0,,,2006-12-31,Germany,WHO GHO tuberculosis auxiliary indicators
DEU,2007,0.55,0.54,0.56,91.0,82.0,100.0,4657.0,,,450.0,440.0,450.0,170.0,92.0,270.0,0.22,0.12,0.35,69.0,,,65.0,,,77.0,,,,,,,,,5067.0,,,,,,,,,,,,,,,100.0,,,46.0,,,2007-12-31,Germany,WHO GHO tuberculosis auxiliary indicators
DEU,2008,0.45,0.44,0.46,91.0,82.0,100.0,4136.0,,,360.0,360.0,370.0,140.0,78.0,230.0,0.19,0.1,0.3,75.0,,,57.0,,,68.0,,,,,,,,,4474.0,,,,,,87.0,77.0,100.0,,,,,,,100.0,,,50.0,,,2008-12-31,Germany,WHO GHO tuberculosis auxiliary indicators
DEU,2009,0.43,0.42,0.43,91.0,82.0,100.0,4168.0,,,350.0,340.0,350.0,140.0,78.0,230.0,0.18,0.1,0.3,64.0,,,61.0,,,77.0,,,,,,,,,4390.0,,,,,,,,,,,,,,,100.0,,,54.0,,,2009-12-31,Germany,WHO GHO tuberculosis auxiliary indicators
DEU,2010,0.43,0.43,0.44,91.0,82.0,100.0,4056.0,,,350.0,350.0,360.0,140.0,76.0,220.0,0.18,0.1,0.29,72.0,,,55.0,,,77.0,,,,,,,,,4326.0,,,,,,,,,,,,48.0,,,92.0,,,52.0,,,2010-12-31,Germany,WHO GHO tuberculosis auxiliary indicators
DEU,2011,0.42,0.42,0.43,91.0,82.0,100.0,4062.0,,,340.0,340.0,350.0,130.0,73.0,210.0,0.17,0.09,0.28,62.0,,,53.0,,,70.0,,,,,,,,,4265.0,,,,,,,,,,,,52.0,,,92.0,,,49.0,,,2011-12-31,Germany,WHO GHO tuberculosis auxiliary indicators
DEU,2012,0.44,0.43,0.45,91.0,82.0,100.0,4029.0,,,360.0,350.0,360.0,130.0,69.0,200.0,0.16,0.09,0.26,61.0,,,47.0,,,,,,,,,,,,4220.0,,,,,,,,,,,,63.0,,,93.0,,,51.0,,,2012-12-31,Germany,WHO GHO tuberculosis auxiliary indicators
DEU,2013,0.47,0.46,0.47,91.0,82.0,100.0,4193.0,,,380.0,370.0,380.0,120.0,64.0,190.0,0.15,0.08,0.24,60.0,,,39.0,,,,,,,,,,,,4318.0,,,,,,,,,,,,98.0,,,25.0,,,45.0,,,2013-12-31,Germany,WHO GHO tuberculosis auxiliary indicators
DEU,2014,0.39,0.39,0.4,91.0,82.0,100.0,4328.0,,,320.0,320.0,330.0,120.0,64.0,190.0,0.15,0.08,0.24,64.0,,,35.0,,,,,,,,,,,,4488.0,,,,,,,,,,,,,,,10.0,,,42.0,,,2014-12-31,Germany,WHO GHO tuberculosis auxiliary indicators
DEU,2015,0.39,0.38,0.4,91.0,82.0,100.0,5671.0,,,320.0,320.0,330.0,150.0,82.0,240.0,0.19,0.1,0.31,55.0,,,43.0,,,,,,,,,,,,,,,,,,,,,170.0,130.0,210.0,,,,7.9,,,44.0,,,2015-12-31,Germany,WHO GHO tuberculosis auxiliary indicators
DEU,2016,0.36,0.35,0.36,91.0,82.0,100.0,5737.0,,,290.0,290.0,300.0,160.0,85.0,250.0,0.2,0.11,0.32,56.0,,,37.0,,,,,,,,,,,,,,,,,,,,,180.0,140.0,220.0,,,,5.3,,,42.0,,,2016-12-31,Germany,WHO GHO tuberculosis auxiliary indicators
DEU,2017,0.36,0.35,0.36,91.0,82.0,100.0,5353.0,,,300.0,290.0,300.0,150.0,82.0,240.0,0.19,0.1,0.31,53.0,,,57.0,,,,,,,,,,,,,,,,,,,,,170.0,130.0,210.0,,,,2.1,,,42.0,,,2017-12-31,Germany,WHO GHO tuberculosis auxiliary indicators
DEU,2018,0.36,0.36,0.37,91.0,82.0,100.0,5265.0,,,300.0,300.0,310.0,150.0,82.0,240.0,0.19,0.1,0.3,67.0,,,55.0,,,,,,,,,,,,,,,,,,,,,170.0,130.0,210.0,,,,88.0,,,68.0,,,2018-12-31,Germany,WHO GHO tuberculosis auxiliary indicators
DEU,2019,0.36,0.35,0.37,91.0,82.0,100.0,4628.0,,,300.0,290.0,310.0,130.0,72.0,210.0,0.16,0.09,0.26,48.0,,,57.0,,,,,,,,,,,,,,,,,,,,,150.0,110.0,190.0,,,,87.0,,,66.0,,,2019-12-31,Germany,WHO GHO tuberculosis auxiliary indicators
DEU,2020,0.35,0.34,0.36,91.0,82.0,100.0,4010.0,,,290.0,280.0,300.0,110.0,62.0,180.0,0.14,0.08,0.23,66.0,,,45.0,,,,,,,,,,,,,,,,,,,,,130.0,98.0,170.0,67.0,,,86.0,,,65.0,,,2020-12-31,Germany,WHO GHO tuberculosis auxiliary indicators
DEU,2021,0.34,0.33,0.35,91.0,82.0,100.0,3792.0,,,280.0,270.0,290.0,110.0,59.0,170.0,0.13,0.07,0.21,55.0,,,49.0,,,,,,,,,,,,,,,,,,,,,130.0,93.0,170.0,58.0,,,84.0,,,73.0,,,2021-12-31,Germany,WHO GHO tuberculosis auxiliary indicators
DEU,2022,0.34,0.34,0.35,91.0,82.0,100.0,3893.0,,,290.0,280.0,290.0,110.0,60.0,180.0,0.13,0.07,0.21,47.0,,,45.0,,,,,,,,,,,,,,,,,,,,,140.0,96.0,180.0,174.0,,,87.0,,,73.0,,,2022-12-31,Germany,WHO GHO tuberculosis auxiliary indicators
DEU,2023,0.34,0.34,0.35,91.0,82.0,100.0,4301.0,,,290.0,280.0,300.0,120.0,66.0,190.0,0.13,0.07,0.2,64.0,,,,,,,,,,,,,,,,,,,,,,,,150.0,110.0,200.0,196.0,,,87.0,,,72.0,,,2023-12-31,Germany,WHO GHO tuberculosis auxiliary indicators
DEU,2024,0.34,0.34,0.35,92.0,84.0,100.0,4230.0,,,290.0,280.0,300.0,120.0,65.0,190.0,,,,,,,,,,,,,,,,,,,,,,,,,,,,150.0,100.0,200.0,148.0,,,89.0,,,80.0,,,2024-12-31,Germany,WHO GHO tuberculosis auxiliary indicators
FRA,2000,1.9,1.9,2.0,83.0,79.0,86.0,6122.0,,,1200.0,1100.0,1200.0,1100.0,480.0,2100.0,1.9,0.8,3.6,,,,,,,,,,,,,,,,,,,,,,87.0,77.0,100.0,,,,,,,,,,,,,2000-12-31,France,WHO GHO tuberculosis auxiliary indicators
FRA,2001,1.9,1.8,1.9,83.0,79.0,86.0,5814.0,,,1100.0,1100.0,1200.0,1000.0,440.0,1900.0,1.8,0.72,3.2,,,,,,,,,,,,,,,,,,,,,,,,,,,,,,,,,,,,,2001-12-31,France,WHO GHO tuberculosis auxiliary indicators
FRA,2002,1.7,1.6,1.7,83.0,79.0,86.0,5709.0,,,1000.0,980.0,1100.0,970.0,400.0,1800.0,1.6,0.66,3.0,,,,,,,,,,,,,,,,,,,,,,,,,,,,,,,,,,,,,2002-12-31,France,WHO GHO tuberculosis auxiliary indicators
FRA,2003,1.7,1.6,1.7,83.0,79.0,86.0,6028.0,,,1000.0,970.0,1000.0,940.0,390.0,1700.0,1.6,0.63,2.9,,,,,,,,,,,,,,,,6350.0,,,,,,,,,,,,,,,,,,,,,2003-12-31,France,WHO GHO tuberculosis auxiliary indicators
FRA,2004,1.4,1.4,1.5,83.0,79.0,86.0,5127.0,,,870.0,840.0,900.0,730.0,300.0,1400.0,1.2,0.48,2.3,,,,,,,,,,,,,,,,5514.0,,,,,,,,,,,,,,,,,,,,,2004-12-31,France,WHO GHO tuberculosis auxiliary indicators
FRA,2005,1.5,1.4,1.5,83.0,79.0,86.0,5003.0,,,900.0,870.0,930.0,620.0,250.0,1200.0,1.0,0.4,1.9,,,,,,,,,,,,,,,,5374.0,,,,,,,,,,,,,,,47.0,,,30.0,,,2005-12-31,France,WHO GHO tuberculosis auxiliary indicators
FRA,2006,1.2,1.2,1.3,83.0,79.0,86.0,4987.0,,,770.0,750.0,800.0,530.0,210.0,1000.0,0.87,0.33,1.7,,,,,,,,,,,,,,,,5336.0,,,,,,,,,,,,,,,49.0,,,32.0,,,2006-12-31,France,WHO GHO tuberculosis auxiliary indicators
FRA,2007,1.1,1.1,1.2,83.0,79.0,86.0,5451.0,,,710.0,690.0,740.0,500.0,190.0,960.0,0.82,0.31,1.6,,,,,,,,,,,,,,,,5588.0,,,,,,,,,,,,,,,43.0,,,26.0,,,2007-12-31,France,WHO GHO tuberculosis auxiliary indicators
FRA,2008,1.1,1.1,1.1,83.0,79.0,86.0,5433.0,,,690.0,660.0,710.0,480.0,180.0,920.0,0.77,0.29,1.5,,,,,,,,,,,,,,,,5812.0,,,,,,87.0,77.0,100.0,,,,,,,100.0,,,27.0,,,2008-12-31,France,WHO GHO tuberculosis auxiliary indicators
FRA,2009,1.1,1.0,1.1,83.0,79.0,86.0,4925.0,,,670.0,650.0,700.0,430.0,160.0,820.0,0.69,0.26,1.3,,,,,,,,,,,,,,,,5276.0,,,,,,,,,,,,30.0,,,100.0,,,30.0,,,2009-12-31,France,WHO GHO tuberculosis auxiliary indicators
FRA,2010,1.0,0.97,1.1,83.0,79.0,86.0,4801.0,,,650.0,620.0,670.0,480.0,380.0,580.0,0.76,0.59,0.95,,,,,,,,,,24.0,,,9.8,,,5116.0,,,,,,,,,,,,,,,68.0,,,29.0,,,2010-12-31,France,WHO GHO tuberculosis auxiliary indicators
FRA,2011,1.0,0.96,1.1,83.0,79.0,86.0,4726.0,,,640.0,610.0,670.0,420.0,340.0,510.0,0.66,0.51,0.83,,,,,,,,,,27.0,,,7.0,,,4991.0,,,,,,,,,,,,40.0,,,72.0,,,42.0,,,2011-12-31,France,WHO GHO tuberculosis auxiliary indicators
FRA,2012,0.85,0.81,0.9,83.0,79.0,86.0,4705.0,,,550.0,520.0,570.0,420.0,340.0,500.0,0.65,0.52,0.8,,,,,,,,,,,,,,,,4978.0,,,,,,,,,,,,39.0,,,,,,,,,2012-12-31,France,WHO GHO tuberculosis auxiliary indicators
FRA,2013,0.87,0.82,0.91,83.0,79.0,86.0,4708.0,,,560.0,530.0,590.0,420.0,340.0,500.0,0.65,0.52,0.8,,,,,,,,,,,,,,,,4939.0,,,,,,,,,,,,83.0,,,100.0,,,100.0,,,2013-12-31,France,WHO GHO tuberculosis auxiliary indicators
FRA,2014,0.74,0.71,0.78,83.0,79.0,86.0,4535.0,,,480.0,460.0,500.0,320.0,260.0,390.0,0.5,0.39,0.62,,,,,,,,,,,,,,,,4845.0,,,,,,,,,,,,111.0,,,100.0,,,100.0,,,2014-12-31,France,WHO GHO tuberculosis auxiliary indicators
FRA,2015,0.7,0.66,0.73,83.0,79.0,86.0,4494.0,,,450.0,430.0,480.0,330.0,260.0,400.0,0.51,0.4,0.64,,,,,,,,,,,,,,,,,,,,,,,,,85.0,54.0,120.0,96.0,,,100.0,,,100.0,,,2015-12-31,France,WHO GHO tuberculosis auxiliary indicators
FRA,2016,0.65,0.61,0.68,83.0,79.0,86.0,4675.0,,,420.0,400.0,440.0,380.0,310.0,460.0,0.59,0.46,0.74,51.0,,,,,,,,,,,,,,,,,,,,,,,,88.0,54.0,120.0,71.0,,,100.0,,,100.0,,,2016-12-31,France,WHO GHO tuberculosis auxiliary indicators
FRA,2017,0.67,0.63,0.71,83.0,79.0,86.0,4839.0,,,440.0,410.0,460.0,330.0,270.0,400.0,0.51,0.4,0.64,24.0,,,,,,,,,,,,,,,,,,,,,,,,91.0,53.0,130.0,79.0,,,100.0,,,98.0,,,2017-12-31,France,WHO GHO tuberculosis auxiliary indicators
FRA,2018,0.56,0.53,0.59,83.0,79.0,86.0,4779.0,,,370.0,350.0,390.0,360.0,290.0,440.0,0.56,0.43,0.69,11.0,,,4.0,,,,,,,,,,,,,,,,,,,,,89.0,50.0,130.0,82.0,,,100.0,,,100.0,,,2018-12-31,France,WHO GHO tuberculosis auxiliary indicators
FRA,2019,0.55,0.52,0.59,83.0,79.0,86.0,4869.0,,,360.0,340.0,390.0,360.0,140.0,690.0,0.56,0.21,1.1,13.0,,,8.0,,,,,,,,,,,,,,,,,,,,,91.0,48.0,130.0,,,,1.6,,,13.0,,,2019-12-31,France,WHO GHO tuberculosis auxiliary indicators
FRA,2020,0.47,0.45,0.5,83.0,79.0,86.0,4398.0,,,310.0,290.0,330.0,270.0,220.0,330.0,0.42,0.32,0.52,34.0,,,2.0,,,,,,,,,,,,,,,,,,,,,82.0,41.0,120.0,0.0,,,1.9,,,11.0,,,2020-12-31,France,WHO GHO tuberculosis auxiliary indicators
FRA,2021,0.46,0.44,0.49,83.0,79.0,86.0,4042.0,,,300.0,290.0,320.0,260.0,210.0,310.0,0.41,0.32,0.51,36.0,,,0.0,,,,,,,,,,,,,,,,,,,,,75.0,35.0,110.0,0.0,,,1.5,,,4.8,,,2021-12-31,France,WHO GHO tuberculosis auxiliary indicators
FRA,2022,0.41,0.38,0.43,83.0,79.0,86.0,3831.0,,,270.0,250.0,290.0,210.0,170.0,260.0,0.33,0.26,0.42,39.0,,,3.0,,,,,,,,,,,,,,,,,,,,,71.0,31.0,110.0,0.0,,,1.9,,,11.0,,,2022-12-31,France,WHO GHO tuberculosis auxiliary indicators
FRA,2023,0.68,0.64,0.71,83.0,79.0,86.0,4568.0,,,450.0,430.0,470.0,290.0,230.0,350.0,0.43,0.34,0.54,22.0,,,,,,,,,,,,,,,,,,,,,,,,85.0,35.0,130.0,0.0,,,2.4,,,7.9,,,2023-12-31,France,WHO GHO tuberculosis auxiliary indicators
FRA,2024,0.68,0.64,0.71,82.0,79.0,86.0,4242.0,,,450.0,430.0,470.0,250.0,200.0,310.0,,,,,,,,,,,,,,,,,,,,,,,,,,,,79.0,31.0,130.0,0.0,,,1.8,,,4.2,,,2024-12-31,France,WHO GHO tuberculosis auxiliary indicators
GBR,2000,0.86,0.85,0.87,89.0,83.0,96.0,6220.0,,,510.0,500.0,520.0,780.0,320.0,1500.0,1.3,0.54,2.5,,,,,,,,,,,,,,,,,,,,,,87.0,77.0,100.0,,,,,,,,,,,,,2000-12-31,United Kingdom,WHO GHO tuberculosis auxiliary indicators
GBR,2001,0.84,0.83,0.85,89.0,83.0,96.0,6027.0,,,500.0,490.0,510.0,710.0,290.0,1300.0,1.2,0.49,2.3,60.0,,,,,,77.0,,,,,,,,,,,,,,,,,,,,,,,,,,,,,,2001-12-31,United Kingdom,WHO GHO tuberculosis auxiliary indicators
GBR,2002,0.85,0.84,0.86,89.0,83.0,96.0,6889.0,,,510.0,500.0,510.0,750.0,300.0,1400.0,1.3,0.51,2.4,59.0,,,11.0,,,62.0,,,,,,,,,,,,,,,,,,,,,,,,,,,,,,2002-12-31,United Kingdom,WHO GHO tuberculosis auxiliary indicators
GBR,2003,0.86,0.85,0.87,89.0,83.0,96.0,7128.0,,,510.0,510.0,520.0,710.0,280.0,1300.0,1.2,0.47,2.2,64.0,,,15.0,,,,,,,,,,,,7334.0,,,,,,,,,,,,,,,,,,,,,2003-12-31,United Kingdom,WHO GHO tuberculosis auxiliary indicators
GBR,2004,0.75,0.74,0.76,89.0,83.0,96.0,7039.0,,,450.0,450.0,460.0,620.0,250.0,1200.0,1.0,0.41,2.0,60.0,,,49.0,,,68.0,,,,,,,,,7584.0,,,,,,,,,,,,,,,,,,,,,2004-12-31,United Kingdom,WHO GHO tuberculosis auxiliary indicators
GBR,2005,0.75,0.74,0.76,89.0,83.0,96.0,8173.0,,,460.0,450.0,460.0,620.0,240.0,1200.0,1.0,0.4,1.9,60.0,,,58.0,,,68.0,,,,,,,,,8633.0,,,,,,,,,,,,,,,100.0,,,59.0,,,2005-12-31,United Kingdom,WHO GHO tuberculosis auxiliary indicators
GBR,2006,0.78,0.78,0.79,89.0,83.0,96.0,8261.0,,,480.0,470.0,480.0,520.0,200.0,1000.0,0.86,0.33,1.6,65.0,,,47.0,,,72.0,,,,,,,,,8498.0,,,,,,,,,,,,,,,100.0,,,100.0,,,2006-12-31,United Kingdom,WHO GHO tuberculosis auxiliary indicators
GBR,2007,0.63,0.63,0.64,89.0,83.0,96.0,7981.0,,,390.0,380.0,390.0,430.0,160.0,820.0,0.69,0.26,1.3,65.0,,,35.0,,,77.0,,,,,,,,,8417.0,,,,,,,,,,,,,,,100.0,,,58.0,,,2007-12-31,United Kingdom,WHO GHO tuberculosis auxiliary indicators
GBR,2008,0.7,0.7,0.71,89.0,83.0,96.0,8242.0,,,440.0,430.0,440.0,420.0,160.0,800.0,0.67,0.25,1.3,67.0,,,51.0,,,78.0,,,,,,,,,8655.0,,,,,,87.0,77.0,100.0,,,,,,,100.0,,,45.0,,,2008-12-31,United Kingdom,WHO GHO tuberculosis auxiliary indicators
GBR,2009,0.64,0.63,0.65,89.0,83.0,96.0,8101.0,,,400.0,400.0,400.0,400.0,150.0,770.0,0.64,0.24,1.2,74.0,,,41.0,,,82.0,,,,,,,,,8900.0,,,,,,,,,,,,,,,100.0,,,45.0,,,2009-12-31,United Kingdom,WHO GHO tuberculosis auxiliary indicators
GBR,2010,0.58,0.58,0.59,89.0,83.0,96.0,7822.0,,,370.0,360.0,370.0,390.0,150.0,740.0,0.61,0.23,1.2,70.0,,,45.0,,,81.0,,,,,,,,,8397.0,,,,,,,,,,,,60.0,,,96.0,,,48.0,,,2010-12-31,United Kingdom,WHO GHO tuberculosis auxiliary indicators
GBR,2011,0.52,0.51,0.52,89.0,83.0,96.0,8407.0,,,330.0,330.0,330.0,400.0,150.0,760.0,0.62,0.23,1.2,74.0,,,51.0,,,80.0,,,39.0,,,8.9,,,8899.0,,,,,,,,,,,,81.0,,,97.0,,,47.0,,,2011-12-31,United Kingdom,WHO GHO tuberculosis auxiliary indicators
GBR,2012,0.52,0.51,0.52,89.0,83.0,96.0,8269.0,,,330.0,330.0,330.0,370.0,140.0,710.0,0.57,0.21,1.1,72.0,,,54.0,,,,,,60.0,,,5.1,,,8751.0,,,,,,,,,,,,84.0,,,97.0,,,51.0,,,2012-12-31,United Kingdom,WHO GHO tuberculosis auxiliary indicators
GBR,2013,0.54,0.53,0.55,89.0,83.0,96.0,7384.0,,,350.0,340.0,350.0,320.0,250.0,390.0,0.49,0.41,0.56,75.0,,,65.0,,,,,,75.0,,,3.8,,,7892.0,,,,,,,,,,,,70.0,,,100.0,,,49.0,,,2013-12-31,United Kingdom,WHO GHO tuberculosis auxiliary indicators
GBR,2014,0.55,0.54,0.55,89.0,83.0,96.0,6622.0,,,360.0,350.0,360.0,250.0,95.0,490.0,0.39,0.14,0.75,72.0,,,60.0,,,,,,78.0,,,,,,7077.0,,,,,,,,,,,,60.0,,,100.0,,,46.0,,,2014-12-31,United Kingdom,WHO GHO tuberculosis auxiliary indicators
GBR,2015,0.53,0.52,0.54,89.0,83.0,96.0,5854.0,,,350.0,340.0,350.0,220.0,82.0,420.0,0.33,0.12,0.64,72.0,,,71.0,,,,,,81.0,,,,,,,,,,,,,,,110.0,90.0,120.0,62.0,,,100.0,,,51.0,,,2015-12-31,United Kingdom,WHO GHO tuberculosis auxiliary indicators
GBR,2016,0.45,0.45,0.46,89.0,83.0,96.0,5793.0,,,300.0,300.0,300.0,220.0,83.0,430.0,0.33,0.12,0.64,76.0,,,66.0,,,,,,82.0,,,,,,,,,,,,,,,110.0,92.0,130.0,70.0,,,100.0,,,52.0,,,2016-12-31,United Kingdom,WHO GHO tuberculosis auxiliary indicators
GBR,2017,0.39,0.39,0.4,89.0,83.0,96.0,5248.0,,,260.0,260.0,260.0,170.0,140.0,210.0,0.26,0.21,0.31,76.0,,,63.0,,,,,,84.0,,,2.9,,,,,,90.0,,,,,,100.0,85.0,120.0,63.0,,,100.0,,,52.0,,,2017-12-31,United Kingdom,WHO GHO tuberculosis auxiliary indicators
GBR,2018,0.4,0.39,0.41,89.0,83.0,96.0,4775.0,,,270.0,260.0,280.0,150.0,120.0,190.0,0.23,0.18,0.27,71.0,,,75.0,,,,,,85.0,,,2.8,,,,,,87.0,,,,,,94.0,79.0,110.0,45.0,,,94.0,,,93.0,,,2018-12-31,United Kingdom,WHO GHO tuberculosis auxiliary indicators
GBR,2019,0.34,0.33,0.34,89.0,83.0,96.0,4803.0,,,230.0,220.0,230.0,190.0,70.0,360.0,0.28,0.1,0.53,73.0,,,66.0,,,,,,,,,,,,,,,,,,,,,97.0,82.0,110.0,,,,95.0,,,86.0,,,2019-12-31,United Kingdom,WHO GHO tuberculosis auxiliary indicators
GBR,2020,0.34,0.34,0.35,89.0,83.0,96.0,4185.0,,,230.0,230.0,230.0,160.0,61.0,310.0,0.24,0.09,0.46,71.0,,,79.0,,,,,,,,,,,,,,,,,,,,,87.0,73.0,100.0,,,,91.0,,,64.0,,,2020-12-31,United Kingdom,WHO GHO tuberculosis auxiliary indicators
GBR,2021,0.3,0.29,0.31,89.0,83.0,96.0,4762.0,,,200.0,200.0,210.0,180.0,69.0,360.0,0.22,0.08,0.42,,,,82.0,,,,,,,,,,,,,,,,,,,,,100.0,85.0,120.0,68.0,,,86.0,,,79.0,,,2021-12-31,United Kingdom,WHO GHO tuberculosis auxiliary indicators
GBR,2022,0.34,0.34,0.35,89.0,83.0,96.0,4706.0,,,230.0,230.0,240.0,180.0,68.0,350.0,0.26,0.1,0.5,78.0,,,83.0,,,,,,,,,,,,,,,,,,,,,100.0,86.0,120.0,70.0,,,88.0,,,80.0,,,2022-12-31,United Kingdom,WHO GHO tuberculosis auxiliary indicators
GBR,2023,0.34,0.34,0.35,89.0,83.0,96.0,5275.0,,,240.0,230.0,240.0,200.0,77.0,390.0,0.26,0.1,0.5,82.0,,,,,,,,,,,,,,,,,,,,,,,,120.0,98.0,140.0,112.0,,,86.0,,,72.0,,,2023-12-31,United Kingdom,WHO GHO tuberculosis auxiliary indicators
GBR,2024,0.34,0.34,0.35,89.0,83.0,96.0,5941.0,,,240.0,230.0,240.0,110.0,85.0,130.0,,,,,,,,,,,,,90.0,,,1.6,,,,,,,,,,,,140.0,110.0,160.0,104.0,,,86.0,,,87.0,,,2024-12-31,United Kingdom,WHO GHO tuberculosis auxiliary indicators
IND,1994,,,,,,,,,,,,,,,,,,,,,,,,,83.0,,,,,,,,,,,,,,,,,,,,,,,,,,,,,,1994-12-31,India,WHO GHO tuberculosis auxiliary indicators
IND,1995,,,,,,,,,,,,,,,,,,,70.0,,,,,,25.0,,,,,,,,,,,,,,,,,,,,,,,,,,,,,,1995-12-31,India,WHO GHO tuberculosis auxiliary indicators
IND,1996,,,,,,,,,,,,,,,,,,,67.0,,,,,,21.0,,,,,,,,,,,,,,,,,,,,,,,,,,,,,,1996-12-31,India,WHO GHO tuberculosis auxiliary indicators
IND,1997,,,,,,,,,,,,,,,,,,,65.0,,,,,,18.0,,,,,,,,,,,,,,,,,,,,,,,,,,,,,,1997-12-31,India,WHO GHO tuberculosis auxiliary indicators
IND,1998,,,,,,,,,,,,,,,,,,,72.0,,,,,,27.0,,,,,,,,,,,,,,,,,,,,,,,,,,,,,,1998-12-31,India,WHO GHO tuberculosis auxiliary indicators
IND,1999,,,,,,,,,,,,,,,,,,,69.0,,,,,,21.0,,,,,,,,,,,,,,,,,,,,,,,,,,,,,,1999-12-31,India,WHO GHO tuberculosis auxiliary indicators
IND,2000,80.0,52.0,114.0,33.0,16.0,96.0,1115718.0,,,848000.0,549000.0,1210000.0,465000.0,85000.0,1160000.0,39.0,7.2,99.0,70.0,,,,,,34.0,,,,,,,,,,,,,,,45.0,34.0,51.0,,,,,,,,,,,,,2000-12-31,India,WHO GHO tuberculosis auxiliary indicators
IND,2001,70.0,53.0,90.0,31.0,16.0,91.0,1085075.0,,,757000.0,567000.0,973000.0,395000.0,71000.0,992000.0,33.0,5.9,83.0,58.0,,,,,,54.0,,,,,,,,,,,,,,,,,,,,,,,,,,,,,,2001-12-31,India,WHO GHO tuberculosis auxiliary indicators
IND,2002,66.0,49.0,84.0,30.0,15.0,88.0,1060951.0,,,720000.0,540000.0,926000.0,341000.0,60000.0,861000.0,28.0,4.9,70.0,72.0,,,,,,60.0,,,,,,,,,,,,,,,,,,,,,,,,,,,,,,2002-12-31,India,WHO GHO tuberculosis auxiliary indicators
IND,2003,60.0,45.0,78.0,30.0,15.0,87.0,1073282.0,,,675000.0,506000.0,867000.0,303000.0,53000.0,766000.0,24.0,4.3,62.0,70.0,,,,,,76.0,,,,,,,,,1189153.0,,,,,,,,,,,,,,,,,,,,,2003-12-31,India,WHO GHO tuberculosis auxiliary indicators
IND,2004,55.0,41.0,71.0,32.0,16.0,90.0,1136182.0,,,624000.0,468000.0,802000.0,277000.0,48000.0,701000.0,22.0,3.8,55.0,73.0,,,,,,82.0,,,,,,,,,1274060.0,,,,,,,,,,,,,,,,,,,,,2004-12-31,India,WHO GHO tuberculosis auxiliary indicators
IND,2005,52.0,39.0,67.0,32.0,16.0,90.0,1156248.0,,,598000.0,449000.0,769000.0,271000.0,48000.0,684000.0,21.0,3.7,53.0,71.0,,,,,,86.0,,,2.3,,,22.0,,,1304828.0,,,,,,,,,,,,,,,,,,,,,2005-12-31,India,WHO GHO tuberculosis auxiliary indicators
IND,2006,50.0,37.0,64.0,34.0,18.0,94.0,1228827.0,,,581000.0,436000.0,747000.0,272000.0,50000.0,681000.0,21.0,3.8,52.0,72.0,,,,,,86.0,,,4.3,,,15.0,,,1397965.0,,,,,,,,,,,,,,,,,,,,,2006-12-31,India,WHO GHO tuberculosis auxiliary indicators
IND,2007,47.0,35.0,60.0,36.0,19.0,97.0,1295943.0,,,560000.0,420000.0,720000.0,249000.0,90000.0,488000.0,19.0,6.8,37.0,65.0,,,52.0,,,87.0,,,5.5,,,12.0,,,1475629.0,,,1.7,,,,,,,,,,,,0.0,,,0.15,,,2007-12-31,India,WHO GHO tuberculosis auxiliary indicators
IND,2008,45.0,33.0,57.0,38.0,20.0,98.0,1332267.0,,,539000.0,404000.0,692000.0,258000.0,50000.0,633000.0,19.0,3.7,47.0,74.0,,,44.0,,,87.0,,,2.3,,,18.0,,,1517338.0,,,41.0,,,70.0,53.0,80.0,,,,190.0,,,0.0,,,0.52,,,2008-12-31,India,WHO GHO tuberculosis auxiliary indicators
IND,2009,41.0,31.0,52.0,39.0,21.0,97.0,1351913.0,,,498000.0,374000.0,641000.0,239000.0,48000.0,582000.0,17.0,3.5,43.0,75.0,,,50.0,,,88.0,,,17.0,,,14.0,,,1533308.0,,,50.0,,,,,,,,,1136.0,,,,,,1.2,,,2009-12-31,India,WHO GHO tuberculosis auxiliary indicators
IND,2010,38.0,28.0,48.0,39.0,21.0,95.0,1339866.0,,,469000.0,352000.0,603000.0,219000.0,45000.0,529000.0,16.0,3.2,38.0,74.0,,,48.0,,,88.0,,,32.0,,,8.6,,,1522147.0,,,57.0,,,,,,,,,2182.0,,,,,,,,,2010-12-31,India,WHO GHO tuberculosis auxiliary indicators
IND,2011,36.0,27.0,46.0,39.0,24.0,76.0,1323949.0,,,452000.0,339000.0,581000.0,208000.0,52000.0,470000.0,15.0,3.1,35.0,75.0,,,50.0,,,88.0,,,45.0,,,6.5,,,1515872.0,,,59.0,,,,,,,,,3378.0,,,,,,,,,2011-12-31,India,WHO GHO tuberculosis auxiliary indicators
IND,2012,34.0,25.0,43.0,39.0,25.0,72.0,1289836.0,,,431000.0,323000.0,554000.0,195000.0,52000.0,433000.0,14.0,3.0,33.0,74.0,,,46.0,,,,,,56.0,,,5.4,,,1467585.0,,,59.0,,,,,,,,,14117.0,,,,,,,,,2012-12-31,India,WHO GHO tuberculosis auxiliary indicators
IND,2013,32.0,24.0,41.0,39.0,25.0,68.0,1243905.0,,,415000.0,311000.0,533000.0,160000.0,86000.0,255000.0,11.0,5.1,20.0,66.0,,,46.0,,,,,,63.0,,,5.0,,,1415617.0,,,90.0,,,,,,,,,21093.0,,,,,,,,,2013-12-31,India,WHO GHO tuberculosis auxiliary indicators
IND,2014,30.0,22.0,38.0,50.0,37.0,72.0,1609547.0,,,392000.0,294000.0,504000.0,136000.0,89000.0,193000.0,9.5,5.3,15.0,65.0,,,46.0,,,,,,61.0,,,4.3,,,1683915.0,,,90.0,,,,,,,,,24073.0,,,1.7,,,69.0,,,2014-12-31,India,WHO GHO tuberculosis auxiliary indicators
IND,2015,28.0,21.0,36.0,53.0,42.0,69.0,1667136.0,,,375000.0,281000.0,481000.0,125000.0,88000.0,168000.0,8.6,5.1,13.0,66.0,,,46.0,,,,,,67.0,,,4.0,,,,,,92.0,,,,,,120000.0,80000.0,150000.0,26966.0,,,11.0,,,60.0,,,2015-12-31,India,WHO GHO tuberculosis auxiliary indicators
IND,2016,27.0,20.0,34.0,58.0,50.0,69.0,1763876.0,,,359000.0,269000.0,462000.0,95000.0,72000.0,120000.0,6.6,4.2,9.5,70.0,,,48.0,,,,,,72.0,,,3.1,,,,,,98.0,,,,,,120000.0,88000.0,140000.0,32914.0,,,36.0,,,69.0,,,2016-12-31,India,WHO GHO tuberculosis auxiliary indicators
IND,2017,25.0,19.0,33.0,56.0,50.0,63.0,1649694.0,,,346000.0,259000.0,444000.0,84000.0,66000.0,105000.0,5.9,3.9,8.2,56.0,,,49.0,,,,,,73.0,,,2.9,,,,,,81.0,,,,,,110000.0,92000.0,140000.0,35950.0,,,62.0,,,88.0,,,2017-12-31,India,WHO GHO tuberculosis auxiliary indicators
IND,2018,24.0,18.0,31.0,67.0,60.0,75.0,1908683.0,,,336000.0,252000.0,431000.0,100000.0,79000.0,124000.0,6.9,4.7,9.6,74.0,,,56.0,,,,,,72.0,,,3.5,,,,,,90.0,,,,,,110000.0,93000.0,140000.0,47284.0,,,48.0,,,65.0,,,2018-12-31,India,WHO GHO tuberculosis auxiliary indicators
IND,2019,23.0,17.0,30.0,77.0,69.0,87.0,2162323.0,,,322000.0,242000.0,415000.0,73000.0,58000.0,91000.0,5.0,3.4,6.9,77.0,,,57.0,,,,,,83.0,,,2.6,,,,,,95.0,,,,,,120000.0,95000.0,140000.0,60858.0,,,77.0,,,82.0,,,2019-12-31,India,WHO GHO tuberculosis auxiliary indicators
IND,2020,21.0,16.0,26.0,59.0,51.0,68.0,1629301.0,,,295000.0,230000.0,368000.0,56000.0,43000.0,71000.0,3.8,2.6,5.2,80.0,,,69.0,,,,,,92.0,,,2.0,,,,,,95.0,,,,,,120000.0,95000.0,140000.0,42505.0,,,98.0,,,96.0,,,2020-12-31,India,WHO GHO tuberculosis auxiliary indicators
IND,2021,22.0,17.0,28.0,71.0,61.0,82.0,1965444.0,,,317000.0,244000.0,400000.0,51000.0,39000.0,64000.0,3.9,3.3,4.5,84.0,,,73.0,,,,,,95.0,,,1.8,,,,,,93.0,,,,,,120000.0,98000.0,140000.0,53037.0,,,76.0,,,73.0,,,2021-12-31,India,WHO GHO tuberculosis auxiliary indicators
IND,2022,22.0,18.0,28.0,81.0,70.0,93.0,2255641.0,,,320000.0,250000.0,399000.0,48000.0,37000.0,61000.0,3.4,2.8,3.9,85.0,,,77.0,,,,,,96.0,,,1.7,,,,,,99.0,,,,,,120000.0,100000.0,150000.0,60421.0,,,76.0,,,80.0,,,2022-12-31,India,WHO GHO tuberculosis auxiliary indicators
IND,2023,21.0,17.0,27.0,86.0,74.0,100.0,2382714.0,,,307000.0,240000.0,383000.0,42000.0,32000.0,53000.0,2.9,2.5,3.5,90.0,,,,,,,,,96.0,,,1.5,,,,,,99.0,,,,,,130000.0,100000.0,150000.0,58780.0,,,82.0,,,86.0,,,2023-12-31,India,WHO GHO tuberculosis auxiliary indicators
IND,2024,21.0,16.0,26.0,92.0,79.0,110.0,2498584.0,,,300000.0,233000.0,375000.0,37000.0,29000.0,47000.0,,,,,,,,,,,,,97.0,,,1.4,,,,,,98.0,,,,,,130000.0,100000.0,150000.0,51765.0,,,92.0,,,86.0,,,2024-12-31,India,WHO GHO tuberculosis auxiliary indicators
JPN,1998,,,,,,,,,,,,,,,,,,,,,,,,,80.0,,,,,,,,,,,,,,,,,,,,,,,,,,,,,,1998-12-31,Japan,WHO GHO tuberculosis auxiliary indicators
JPN,1999,,,,,,,,,,,,,,,,,,,41.0,,,,,,39.0,,,,,,,,,,,,,,,,,,,,,,,,,,,,,,1999-12-31,Japan,WHO GHO tuberculosis auxiliary indicators
JPN,2000,4.0,3.9,4.1,66.0,55.0,81.0,39384.0,,,5100.0,5000.0,5200.0,680.0,230.0,1300.0,0.4,0.14,0.8,47.0,,,,,,45.0,,,,,,,,,,,,,,,87.0,77.0,100.0,,,,,,,,,,,,,2000-12-31,Japan,WHO GHO tuberculosis auxiliary indicators
JPN,2001,3.8,3.7,3.8,67.0,56.0,83.0,35489.0,,,4800.0,4700.0,4900.0,580.0,200.0,1200.0,0.35,0.12,0.7,57.0,,,,,,58.0,,,,,,,,,,,,,,,,,,,,,,,,,,,,,,2001-12-31,Japan,WHO GHO tuberculosis auxiliary indicators
JPN,2002,3.5,3.5,3.6,69.0,57.0,85.0,32828.0,,,4500.0,4400.0,4500.0,510.0,180.0,1000.0,0.31,0.11,0.62,71.0,,,,,,63.0,,,,,,,,,,,,,,,,,,,,,,,,,,,,,,2002-12-31,Japan,WHO GHO tuberculosis auxiliary indicators
JPN,2003,3.4,3.4,3.5,70.0,58.0,86.0,31638.0,,,4400.0,4300.0,4400.0,450.0,160.0,890.0,0.28,0.1,0.56,72.0,,,,,,65.0,,,,,,,,,31638.0,,,,,,,,,,,,,,,,,,,,,2003-12-31,Japan,WHO GHO tuberculosis auxiliary indicators
JPN,2004,3.4,3.3,3.4,72.0,60.0,88.0,29736.0,,,4300.0,4300.0,4400.0,380.0,130.0,760.0,0.24,0.09,0.48,42.0,,,,,,58.0,,,,,,,,,29736.0,,,,,,,,,,,,,,,,,,,,,2004-12-31,Japan,WHO GHO tuberculosis auxiliary indicators
JPN,2005,3.4,3.3,3.5,73.0,61.0,90.0,27194.0,,,4300.0,4300.0,4400.0,300.0,100.0,590.0,0.2,0.07,0.39,45.0,,,,,,59.0,,,,,,,,,28319.0,,,,,,,,,,,,,,,,,,,,,2005-12-31,Japan,WHO GHO tuberculosis auxiliary indicators
JPN,2006,3.3,3.2,3.4,74.0,62.0,91.0,25304.0,,,4200.0,4100.0,4300.0,230.0,81.0,470.0,0.16,0.05,0.31,45.0,,,,,,53.0,,,,,,,,,26384.0,,,,,,,,,,,,,,,,,,,,,2006-12-31,Japan,WHO GHO tuberculosis auxiliary indicators
JPN,2007,3.2,3.1,3.3,76.0,63.0,93.0,24779.0,,,4100.0,4000.0,4200.0,120.0,85.0,150.0,0.08,0.06,0.1,38.0,,,,,,46.0,,,64.0,,,0.35,,,25311.0,,,,,,,,,,,,,,,30.0,,,26.0,,,2007-12-31,Japan,WHO GHO tuberculosis auxiliary indicators
JPN,2008,3.1,3.1,3.2,77.0,64.0,95.0,24181.0,,,4000.0,3900.0,4100.0,150.0,110.0,200.0,0.11,0.08,0.13,44.0,,,,,,48.0,,,56.0,,,0.49,,,24760.0,,,,,,87.0,77.0,100.0,,,,,,,,,,,,,2008-12-31,Japan,WHO GHO tuberculosis auxiliary indicators
JPN,2009,3.0,2.9,3.0,78.0,65.0,96.0,23631.0,,,3800.0,3700.0,3900.0,180.0,61.0,350.0,0.12,0.04,0.25,48.0,,,,,,52.0,,,51.0,,,0.42,,,24170.0,,,,,,,,,,,,0.0,,,,,,,,,2009-12-31,Japan,WHO GHO tuberculosis auxiliary indicators
JPN,2010,3.0,2.9,3.1,79.0,66.0,98.0,22693.0,,,3800.0,3700.0,3900.0,170.0,59.0,340.0,0.12,0.04,0.24,47.0,,,,,,52.0,,,52.0,,,0.44,,,23261.0,,,,,,,,,,,,,,,54.0,,,39.0,,,2010-12-31,Japan,WHO GHO tuberculosis auxiliary indicators
JPN,2011,2.9,2.8,3.0,80.0,66.0,98.0,22119.0,,,3700.0,3600.0,3800.0,160.0,55.0,320.0,0.11,0.04,0.23,46.0,,,,,,,,,49.0,,,0.67,,,22681.0,,,,,,,,,,,,60.0,,,51.0,,,40.0,,,2011-12-31,Japan,WHO GHO tuberculosis auxiliary indicators
JPN,2012,2.8,2.7,2.9,81.0,67.0,99.0,20857.0,,,3600.0,3500.0,3700.0,140.0,50.0,290.0,0.1,0.04,0.21,49.0,,,,,,,,,16.0,,,1.9,,,21283.0,,,,,,,,,,,,60.0,,,66.0,,,44.0,,,2012-12-31,Japan,WHO GHO tuberculosis auxiliary indicators
JPN,2013,2.7,2.6,2.8,81.0,68.0,100.0,20495.0,,,3400.0,3300.0,3500.0,130.0,44.0,250.0,0.09,0.03,0.18,46.0,,,,,,,,,9.5,,,2.6,,,20495.0,,,,,,,,,,,,,,,57.0,,,34.0,,,2013-12-31,Japan,WHO GHO tuberculosis auxiliary indicators
JPN,2014,2.6,2.5,2.7,82.0,68.0,100.0,19615.0,,,3300.0,3200.0,3400.0,120.0,41.0,230.0,0.09,0.03,0.17,,,,,,,,,,8.5,,,2.7,,,19615.0,,,,,,,,,,,,56.0,,,65.0,,,41.0,,,2014-12-31,Japan,WHO GHO tuberculosis auxiliary indicators
JPN,2015,2.4,2.3,2.5,83.0,69.0,100.0,18280.0,,,3000.0,2900.0,3200.0,110.0,37.0,220.0,0.08,0.03,0.16,,,,,,,,,,8.3,,,2.6,,,,,,,,,,,,480.0,22.0,940.0,,,,69.0,,,41.0,,,2015-12-31,Japan,WHO GHO tuberculosis auxiliary indicators
JPN,2016,2.3,2.2,2.5,83.0,69.0,100.0,17625.0,,,3000.0,2800.0,3100.0,110.0,37.0,210.0,0.08,0.03,0.16,,,,52.0,,,,,,9.1,,,2.8,,,,,,,,,,,,480.0,0.0,970.0,76.0,,,74.0,,,43.0,,,2016-12-31,Japan,WHO GHO tuberculosis auxiliary indicators
JPN,2017,2.9,2.8,3.1,83.0,69.0,100.0,16789.0,,,3700.0,3500.0,3900.0,110.0,36.0,210.0,0.08,0.03,0.16,,,,52.0,,,,,,8.9,,,2.3,,,,,,,,,,,,480.0,0.0,1000.0,,,,78.0,,,46.0,,,2017-12-31,Japan,WHO GHO tuberculosis auxiliary indicators
JPN,2018,2.8,2.6,2.9,83.0,69.0,100.0,15590.0,,,3500.0,3300.0,3700.0,99.0,34.0,200.0,0.07,0.03,0.15,,,,67.0,,,,,,8.3,,,3.4,,,,,,,,,,,,470.0,0.0,1000.0,59.0,,,74.0,,,67.0,,,2018-12-31,Japan,WHO GHO tuberculosis auxiliary indicators
JPN,2019,2.6,2.5,2.8,83.0,69.0,100.0,14460.0,,,3300.0,3100.0,3500.0,92.0,32.0,180.0,0.07,0.02,0.14,,,,57.0,,,,,,6.9,,,2.9,,,,,,,,,,,,450.0,0.0,1000.0,,,,70.0,,,63.0,,,2019-12-31,Japan,WHO GHO tuberculosis auxiliary indicators
JPN,2020,2.3,2.1,2.4,83.0,69.0,100.0,12739.0,,,2900.0,2700.0,3100.0,81.0,28.0,160.0,0.06,0.02,0.12,,,,71.0,,,,,,6.9,,,3.5,,,,,,,,,,,,420.0,0.0,970.0,49.0,,,64.0,,,58.0,,,2020-12-31,Japan,WHO GHO tuberculosis auxiliary indicators
JPN,2021,2.2,2.1,2.4,83.0,69.0,100.0,11519.0,,,2800.0,2600.0,3000.0,73.0,25.0,150.0,0.06,0.02,0.11,,,,62.0,,,,,,7.4,,,3.4,,,,,,,,,,,,400.0,0.0,950.0,,,,62.0,,,60.0,,,2021-12-31,Japan,WHO GHO tuberculosis auxiliary indicators
JPN,2022,2.6,2.4,2.7,83.0,69.0,100.0,10235.0,,,3200.0,3000.0,3400.0,65.0,23.0,130.0,0.05,0.02,0.1,,,,59.0,,,,,,6.2,,,3.6,,,,,,,,,,,,370.0,0.0,930.0,,,,63.0,,,57.0,,,2022-12-31,Japan,WHO GHO tuberculosis auxiliary indicators
JPN,2023,1.2,1.2,1.2,83.0,69.0,100.0,10096.0,,,1500.0,1500.0,1500.0,64.0,22.0,130.0,0.05,0.02,0.1,,,,,,,,,,6.6,,,2.1,,,,,,,,,,,,390.0,0.0,990.0,56.0,,,69.0,,,58.0,,,2023-12-31,Japan,WHO GHO tuberculosis auxiliary indicators
JPN,2024,1.2,1.2,1.2,83.0,69.0,100.0,10051.0,,,1500.0,1500.0,1500.0,64.0,22.0,130.0,,,,,,,,,,,,,6.3,,,4.6,,,,,,,,,,,,410.0,0.0,1100.0,,,,70.0,,,58.0,,,2024-12-31,Japan,WHO GHO tuberculosis auxiliary indicators
KOR,1994,,,,,,,,,,,,,,,,,,,,,,,,,71.0,,,,,,,,,,,,,,,,,,,,,,,,,,,,,,1994-12-31,South Korea,WHO GHO tuberculosis auxiliary indicators
KOR,1995,,,,,,,,,,,,,,,,,,,40.0,,,,,,76.0,,,,,,,,,,,,,,,,,,,,,,,,,,,,,,1995-12-31,South Korea,WHO GHO tuberculosis auxiliary indicators
KOR,1996,,,,,,,,,,,,,,,,,,,53.0,,,,,,71.0,,,,,,,,,,,,,,,,,,,,,,,,,,,,,,1996-12-31,South Korea,WHO GHO tuberculosis auxiliary indicators
KOR,1997,,,,,,,,,,,,,,,,,,,,,,,,,82.0,,,,,,,,,,,,,,,,,,,,,,,,,,,,,,1997-12-31,South Korea,WHO GHO tuberculosis auxiliary indicators
KOR,1999,,,,,,,,,,,,,,,,,,,,,,,,,82.0,,,,,,,,,,,,,,,,,,,,,,,,,,,,,,1999-12-31,South Korea,WHO GHO tuberculosis auxiliary indicators
KOR,2000,8.8,8.1,9.5,94.0,87.0,100.0,21782.0,,,4100.0,3800.0,4400.0,,,,,,,60.0,,,,,,83.0,,,,,,,,,,,,,,,87.0,77.0,100.0,,,,,,,,,,,,,2000-12-31,South Korea,WHO GHO tuberculosis auxiliary indicators
KOR,2001,8.1,7.6,8.7,94.0,87.0,100.0,37268.0,,,3800.0,3600.0,4100.0,,,,,,,53.0,,,,,,79.0,,,,,,,,,,,,,,,,,,,,,,,,,,,,,,2001-12-31,South Korea,WHO GHO tuberculosis auxiliary indicators
KOR,2002,8.3,7.8,8.7,94.0,87.0,100.0,34967.0,,,3900.0,3700.0,4100.0,,,,,,,68.0,,,,,,83.0,,,,,,,,,,,,,,,,,,,,,,,,,,,,,,2002-12-31,South Korea,WHO GHO tuberculosis auxiliary indicators
KOR,2003,8.3,7.8,8.8,94.0,87.0,100.0,36891.0,,,3900.0,3700.0,4200.0,,,,,,,69.0,,,,,,82.0,,,0.83,,,,,,40501.0,,,,,,,,,,,,,,,,,,,,,2003-12-31,South Korea,WHO GHO tuberculosis auxiliary indicators
KOR,2004,7.4,6.9,7.9,94.0,87.0,100.0,34707.0,,,3500.0,3300.0,3800.0,,,,,,,71.0,,,,,,80.0,,,,,,,,,41375.0,,,,,,,,,,,,,,,,,,,,,2004-12-31,South Korea,WHO GHO tuberculosis auxiliary indicators
KOR,2005,7.5,6.9,8.1,94.0,87.0,100.0,42892.0,,,3600.0,3300.0,3900.0,,,,,,,75.0,,,,,,83.0,,,,,,,,,46969.0,,,,,,,,,,,,,,,,,,,,,2005-12-31,South Korea,WHO GHO tuberculosis auxiliary indicators
KOR,2006,7.1,6.6,7.6,94.0,87.0,100.0,42082.0,,,3400.0,3200.0,3700.0,,,,,,,72.0,,,,,,81.0,,,,,,,,,46284.0,,,,,,,,,,,,,,,,,,,,,2006-12-31,South Korea,WHO GHO tuberculosis auxiliary indicators
KOR,2007,6.2,5.8,6.6,94.0,87.0,100.0,41858.0,,,3000.0,2800.0,3200.0,,,,,,,72.0,,,,,,82.0,,,,,,,,,45597.0,,,,,,,,,,,,,,,,,,,,,2007-12-31,South Korea,WHO GHO tuberculosis auxiliary indicators
KOR,2008,6.0,5.6,6.4,94.0,87.0,100.0,40554.0,,,2900.0,2700.0,3100.0,,,,,,,76.0,,,,,,84.0,,,,,,,,,44170.0,,,,,,87.0,77.0,100.0,,,,,,,,,,,,,2008-12-31,South Korea,WHO GHO tuberculosis auxiliary indicators
KOR,2009,5.8,5.5,6.2,94.0,87.0,100.0,43318.0,,,2800.0,2700.0,3000.0,,,,,,,71.0,,,,,,83.0,,,,,,,,,47299.0,,,,,,,,,,,,,,,,,,,,,2009-12-31,South Korea,WHO GHO tuberculosis auxiliary indicators
KOR,2010,6.1,5.7,6.4,94.0,87.0,100.0,44063.0,,,3000.0,2800.0,3100.0,,,,,,,79.0,,,,,,89.0,,,,,,,,,48101.0,,,,,,,,,,,,,,,,,,,,,2010-12-31,South Korea,WHO GHO tuberculosis auxiliary indicators
KOR,2011,6.0,5.7,6.3,94.0,87.0,100.0,46253.0,,,2900.0,2800.0,3100.0,,,,,,,74.0,,,59.0,,,80.0,,,,,,,,,50491.0,,,,,,,,,,,,307.0,,,17.0,,,13.0,,,2011-12-31,South Korea,WHO GHO tuberculosis auxiliary indicators
KOR,2012,6.1,5.8,6.4,94.0,87.0,100.0,43702.0,,,3000.0,2900.0,3200.0,,,,,,,76.0,,,60.0,,,,,,,,,,,,49532.0,,,,,,,,,,,,1212.0,,,,,,,,,2012-12-31,South Korea,WHO GHO tuberculosis auxiliary indicators
KOR,2013,5.4,5.1,5.7,94.0,87.0,100.0,41579.0,,,2700.0,2600.0,2800.0,,,,,,,74.0,,,59.0,,,,,,,,,,,,45292.0,,,,,,,,,,,,951.0,,,70.0,,,43.0,,,2013-12-31,South Korea,WHO GHO tuberculosis auxiliary indicators
KOR,2014,5.4,5.2,5.7,94.0,87.0,100.0,40190.0,,,2800.0,2600.0,2900.0,,,,,,,69.0,,,63.0,,,,,,,,,,,,43088.0,,,,,,,,,,,,856.0,,,100.0,,,54.0,,,2014-12-31,South Korea,WHO GHO tuberculosis auxiliary indicators
KOR,2015,5.2,4.9,5.4,94.0,87.0,100.0,37541.0,,,2600.0,2500.0,2800.0,,,,,,,73.0,,,64.0,,,,,,,,,,,,,,,,,,,,,2000.0,1800.0,2200.0,956.0,,,84.0,,,51.0,,,2015-12-31,South Korea,WHO GHO tuberculosis auxiliary indicators
KOR,2016,5.0,4.8,5.3,94.0,87.0,100.0,36435.0,,,2600.0,2500.0,2700.0,,,,,,,70.0,,,72.0,,,,,,,,,,,,,,,,,,,,,1900.0,1700.0,2100.0,888.0,,,92.0,,,55.0,,,2016-12-31,South Korea,WHO GHO tuberculosis auxiliary indicators
KOR,2017,4.2,4.0,4.4,94.0,87.0,100.0,33467.0,,,2200.0,2100.0,2300.0,,,,,,,77.0,,,73.0,,,,,,,,,,,,,,,,,,,,,1700.0,1500.0,1900.0,809.0,,,93.0,,,61.0,,,2017-12-31,South Korea,WHO GHO tuberculosis auxiliary indicators
KOR,2018,4.1,3.9,4.3,94.0,87.0,100.0,31052.0,,,2100.0,2000.0,2200.0,,,,,,,78.0,,,76.0,,,,,,,,,,,,,,,,,,,,,1500.0,1400.0,1700.0,794.0,,,85.0,,,82.0,,,2018-12-31,South Korea,WHO GHO tuberculosis auxiliary indicators
KOR,2019,3.7,3.5,3.9,94.0,87.0,100.0,27956.0,,,1900.0,1800.0,2000.0,,,,,,,77.0,,,72.0,,,,,,,,,,,,,,,,,,,,,1300.0,1200.0,1500.0,749.0,,,88.0,,,85.0,,,2019-12-31,South Korea,WHO GHO tuberculosis auxiliary indicators
KOR,2020,3.1,2.9,3.3,94.0,87.0,100.0,23110.0,,,1600.0,1500.0,1700.0,,,,,,,76.0,,,76.0,,,,,,,,,,,,,,,,,,,,,1100.0,960.0,1200.0,588.0,,,89.0,,,88.0,,,2020-12-31,South Korea,WHO GHO tuberculosis auxiliary indicators
KOR,2021,3.3,3.1,3.5,94.0,87.0,100.0,21433.0,,,1700.0,1600.0,1800.0,,,,,,,76.0,,,77.0,,,,,,,,,,,,,,,,,,,,,960.0,860.0,1100.0,654.0,,,82.0,,,72.0,,,2021-12-31,South Korea,WHO GHO tuberculosis auxiliary indicators
KOR,2022,2.6,2.5,2.8,94.0,87.0,100.0,19128.0,,,1400.0,1300.0,1500.0,,,,,,,72.0,,,74.0,,,,,,,,,,,,,,,,,,,,,820.0,730.0,910.0,560.0,,,100.0,,,100.0,,,2022-12-31,South Korea,WHO GHO tuberculosis auxiliary indicators
KOR,2023,2.9,2.7,3.1,94.0,87.0,100.0,18361.0,,,1500.0,1400.0,1600.0,,,,,,,77.0,,,,,,,,,,,,,,,,,,,,,,,,760.0,670.0,850.0,547.0,,,100.0,,,100.0,,,2023-12-31,South Korea,WHO GHO tuberculosis auxiliary indicators
KOR,2024,2.9,2.7,3.1,94.0,87.0,100.0,16798.0,,,1500.0,1400.0,1600.0,,,,,,,,,,,,,,,,,,,,,,,,,,,,,,,670.0,590.0,750.0,461.0,,,100.0,,,100.0,,,2024-12-31,South Korea,WHO GHO tuberculosis auxiliary indicators
USA,1994,,,,,,,,,,,,,,,,,,,,,,,,,72.0,,,,,,,,,,,,,,,,,,,,,,,,,,,,,,1994-12-31,United States,WHO GHO tuberculosis auxiliary indicators
USA,1995,,,,,,,,,,,,,,,,,,,,,,,,,76.0,,,,,,,,,,,,,,,,,,,,,,,,,,,,,,1995-12-31,United States,WHO GHO tuberculosis auxiliary indicators
USA,1996,,,,,,,,,,,,,,,,,,,,,,,,,79.0,,,,,,,,,,,,,,,,,,,,,,,,,,,,,,1996-12-31,United States,WHO GHO tuberculosis auxiliary indicators
USA,1997,,,,,,,,,,,,,,,,,,,,,,,,,79.0,,,,,,,,,,,,,,,,,,,,,,,,,,,,,,1997-12-31,United States,WHO GHO tuberculosis auxiliary indicators
USA,1998,,,,,,,,,,,,,,,,,,,,,,,,,81.0,,,,,,,,,,,,,,,,,,,,,,,,,,,,,,1998-12-31,United States,WHO GHO tuberculosis auxiliary indicators
USA,1999,,,,,,,,,,,,,,,,,,,,,,,,,82.0,,,,,,,,,,,,,,,,,,,,,,,,,,,,,,1999-12-31,United States,WHO GHO tuberculosis auxiliary indicators
USA,2000,0.32,0.32,0.33,75.0,63.0,93.0,16310.0,,,910.0,910.0,920.0,5300.0,2400.0,9400.0,1.6,0.76,2.9,,,,,,,83.0,,,,,,,,,,,,,,,87.0,77.0,100.0,,,,,,,,,,,,,2000-12-31,United States,WHO GHO tuberculosis auxiliary indicators
USA,2001,0.31,0.31,0.31,76.0,63.0,94.0,15945.0,,,890.0,880.0,890.0,4800.0,2100.0,8500.0,1.5,0.67,2.6,,,,,,,83.0,,,,,,,,,,,,,,,,,,,,,,,,,,,,,,2001-12-31,United States,WHO GHO tuberculosis auxiliary indicators
USA,2002,0.31,0.31,0.32,77.0,64.0,95.0,15056.0,,,900.0,900.0,910.0,4100.0,1800.0,7400.0,1.3,0.57,2.3,,,,,,,83.0,,,,,,,,,,,,,,,,,,,,,,,,,,,,,,2002-12-31,United States,WHO GHO tuberculosis auxiliary indicators
USA,2003,0.28,0.27,0.28,78.0,65.0,96.0,14838.0,,,800.0,800.0,810.0,3600.0,1600.0,6600.0,1.1,0.49,2.0,,,,,,,83.0,,,56.0,,,16.0,,,14838.0,,,,,,,,,,,,,,,,,,,,,2003-12-31,United States,WHO GHO tuberculosis auxiliary indicators
USA,2004,0.26,0.25,0.26,79.0,65.0,97.0,14502.0,,,750.0,740.0,750.0,3100.0,1300.0,5700.0,0.97,0.42,1.7,,,,61.0,,,83.0,,,57.0,,,14.0,,,14502.0,,,,,,,,,,,,,,,,,,,,,2004-12-31,United States,WHO GHO tuberculosis auxiliary indicators
USA,2005,0.25,0.24,0.25,80.0,66.0,98.0,14080.0,,,730.0,720.0,730.0,2600.0,1100.0,4800.0,0.8,0.34,1.5,,,,,,,84.0,,,59.0,,,13.0,,,14080.0,,,,,,,,,,,,,,,100.0,,,,,,2005-12-31,United States,WHO GHO tuberculosis auxiliary indicators
USA,2006,0.24,0.23,0.24,80.0,66.0,98.0,13779.0,,,700.0,700.0,710.0,2100.0,850.0,4000.0,0.66,0.27,1.2,,,,72.0,,,84.0,,,60.0,,,12.0,,,13779.0,,,,,,,,,,,,,,,100.0,,,,,,2006-12-31,United States,WHO GHO tuberculosis auxiliary indicators
USA,2007,0.21,0.21,0.21,81.0,67.0,99.0,13299.0,,,630.0,630.0,630.0,1800.0,1300.0,2300.0,0.54,0.46,0.63,,,,85.0,,,85.0,,,62.0,,,11.0,,,13299.0,,,,,,,,,,,,,,,100.0,,,,,,2007-12-31,United States,WHO GHO tuberculosis auxiliary indicators
USA,2008,0.21,0.21,0.22,81.0,67.0,100.0,12904.0,,,650.0,650.0,660.0,1600.0,1200.0,2100.0,0.49,0.42,0.58,,,,67.0,,,85.0,,,63.0,,,10.0,,,12904.0,,,,,,87.0,77.0,100.0,,,,14.0,,,100.0,,,,,,2008-12-31,United States,WHO GHO tuberculosis auxiliary indicators
USA,2009,0.19,0.19,0.19,82.0,68.0,100.0,11545.0,,,590.0,580.0,590.0,1400.0,1000.0,1800.0,0.43,0.36,0.5,,,,63.0,,,60.0,,,62.0,,,9.9,,,11545.0,,,,,,,,,,,,114.0,,,100.0,,,,,,2009-12-31,United States,WHO GHO tuberculosis auxiliary indicators
USA,2010,0.2,0.2,0.2,82.0,68.0,100.0,11181.0,,,620.0,610.0,620.0,1200.0,860.0,1500.0,0.35,0.3,0.41,,,,70.0,,,64.0,,,66.0,,,8.5,,,11181.0,,,,,,,,,,,,92.0,,,100.0,,,,,,2010-12-31,United States,WHO GHO tuberculosis auxiliary indicators
USA,2011,0.19,0.18,0.19,83.0,68.0,100.0,10521.0,,,580.0,580.0,590.0,970.0,720.0,1300.0,0.3,0.25,0.35,,,,79.0,,,78.0,,,83.0,,,7.6,,,10521.0,,,,,,,,,,,,117.0,,,99.0,,,,,,2011-12-31,United States,WHO GHO tuberculosis auxiliary indicators
USA,2012,0.17,0.17,0.17,83.0,69.0,100.0,9945.0,,,550.0,540.0,550.0,890.0,660.0,1100.0,0.27,0.23,0.32,80.0,,,59.0,,,,,,85.0,,,7.4,,,9945.0,,,,,,,,,,,,80.0,,,100.0,,,,,,2012-12-31,United States,WHO GHO tuberculosis auxiliary indicators
USA,2013,0.19,0.19,0.19,84.0,69.0,100.0,9115.0,,,600.0,590.0,600.0,720.0,530.0,930.0,0.22,0.18,0.26,78.0,,,79.0,,,,,,88.0,,,6.6,,,9572.0,,,,,,,,,,,,90.0,,,100.0,,,63.0,,,2013-12-31,United States,WHO GHO tuberculosis auxiliary indicators
USA,2014,0.16,0.16,0.16,84.0,70.0,100.0,8949.0,,,520.0,520.0,520.0,650.0,480.0,850.0,0.2,0.17,0.23,79.0,,,78.0,,,,,,87.0,,,6.1,,,9407.0,,,,,,,,,,,,107.0,,,100.0,,,70.0,,,2014-12-31,United States,WHO GHO tuberculosis auxiliary indicators
USA,2015,0.16,0.16,0.16,85.0,70.0,100.0,9058.0,,,510.0,510.0,520.0,590.0,440.0,760.0,0.18,0.15,0.21,77.0,,,69.0,,,,,,93.0,,,5.5,,,,,,,,,,,,230.0,180.0,280.0,,,,100.0,,,65.0,,,2015-12-31,United States,WHO GHO tuberculosis auxiliary indicators
USA,2016,0.17,0.17,0.17,85.0,71.0,100.0,8814.0,,,560.0,560.0,560.0,590.0,430.0,760.0,0.18,0.15,0.21,77.0,,,69.0,,,,,,93.0,,,5.7,,,,,,,,,,,,220.0,170.0,270.0,113.0,,,100.0,,,67.0,,,2016-12-31,United States,WHO GHO tuberculosis auxiliary indicators
USA,2017,0.16,0.16,0.16,86.0,71.0,110.0,8662.0,,,540.0,540.0,540.0,540.0,400.0,700.0,0.16,0.14,0.19,76.0,,,77.0,,,,,,89.0,,,5.3,,,,,,,,,,,,220.0,170.0,270.0,137.0,,,100.0,,,62.0,,,2017-12-31,United States,WHO GHO tuberculosis auxiliary indicators
USA,2018,0.17,0.17,0.17,86.0,71.0,110.0,8561.0,,,570.0,570.0,570.0,510.0,380.0,660.0,0.15,0.13,0.18,79.0,,,85.0,,,,,,88.0,,,5.1,,,,,,,,,,,,210.0,170.0,260.0,106.0,,,90.0,,,81.0,,,2018-12-31,United States,WHO GHO tuberculosis auxiliary indicators
USA,2019,0.17,0.16,0.17,86.0,71.0,110.0,8493.0,,,560.0,560.0,570.0,470.0,350.0,600.0,0.14,0.12,0.17,74.0,,,84.0,,,,,,86.0,,,4.7,,,,,,,,,,,,210.0,160.0,260.0,86.0,,,94.0,,,86.0,,,2019-12-31,United States,WHO GHO tuberculosis auxiliary indicators
USA,2020,0.19,0.19,0.19,86.0,71.0,110.0,6849.0,,,630.0,630.0,640.0,380.0,280.0,490.0,0.11,0.09,0.14,,,,80.0,,,,,,85.0,,,4.8,,,,,,,,,,,,170.0,130.0,210.0,56.0,,,95.0,,,84.0,,,2020-12-31,United States,WHO GHO tuberculosis auxiliary indicators
USA,2021,0.18,0.18,0.18,86.0,71.0,110.0,7557.0,,,620.0,620.0,630.0,380.0,280.0,490.0,0.11,0.09,0.13,,,,87.0,,,,,,89.0,,,4.3,,,,,,,,,,,,190.0,140.0,230.0,99.0,,,94.0,,,85.0,,,2021-12-31,United States,WHO GHO tuberculosis auxiliary indicators
USA,2022,0.19,0.18,0.19,86.0,71.0,110.0,7726.0,,,640.0,610.0,660.0,420.0,310.0,540.0,0.12,0.1,0.14,,,,,,,,,,92.0,,,4.7,,,,,,,,,,,,190.0,150.0,230.0,109.0,,,93.0,,,87.0,,,2022-12-31,United States,WHO GHO tuberculosis auxiliary indicators
USA,2023,0.16,0.16,0.16,86.0,71.0,110.0,9206.0,,,540.0,540.0,540.0,530.0,390.0,680.0,0.15,0.13,0.18,,,,,,,,,,88.0,,,4.9,,,,,,,,,,,,220.0,170.0,280.0,175.0,,,91.0,,,83.0,,,2023-12-31,United States,WHO GHO tuberculosis auxiliary indicators
USA,2024,0.16,0.16,0.16,,,,,,,540.0,540.0,550.0,550.0,410.0,720.0,,,,,,,,,,,,,,,,,,,,,,,,,,,,230.0,180.0,290.0,,,,,,,,,,2024-12-31,United States,WHO GHO tuberculosis auxiliary indicators
